-- --------------------------------------------------------
-- Servidor:                     127.0.0.1
-- Versão do servidor:           10.4.24-MariaDB - mariadb.org binary distribution
-- OS do Servidor:               Win64
-- HeidiSQL Versão:              12.8.0.6908
-- --------------------------------------------------------

/*!40101 SET @OLD_CHARACTER_SET_CLIENT=@@CHARACTER_SET_CLIENT */;
/*!40101 SET NAMES utf8 */;
/*!50503 SET NAMES utf8mb4 */;
/*!40103 SET @OLD_TIME_ZONE=@@TIME_ZONE */;
/*!40103 SET TIME_ZONE='+00:00' */;
/*!40014 SET @OLD_FOREIGN_KEY_CHECKS=@@FOREIGN_KEY_CHECKS, FOREIGN_KEY_CHECKS=0 */;
/*!40101 SET @OLD_SQL_MODE=@@SQL_MODE, SQL_MODE='NO_AUTO_VALUE_ON_ZERO' */;
/*!40111 SET @OLD_SQL_NOTES=@@SQL_NOTES, SQL_NOTES=0 */;


-- Copiando estrutura do banco de dados para financias
CREATE DATABASE IF NOT EXISTS `financias` /*!40100 DEFAULT CHARACTER SET utf8mb4 */;
USE `financias`;

-- Copiando estrutura para tabela financias.categoria
CREATE TABLE IF NOT EXISTS `categoria` (
  `id_cat` int(11) NOT NULL AUTO_INCREMENT,
  `nome_cat` varchar(50) DEFAULT NULL,
  `desc_cat` varchar(50) DEFAULT NULL,
  `tipo` char(1) DEFAULT NULL,
  PRIMARY KEY (`id_cat`)
) ENGINE=InnoDB AUTO_INCREMENT=16 DEFAULT CHARSET=utf8mb4;

-- Copiando dados para a tabela financias.categoria: ~15 rows (aproximadamente)
DELETE FROM `categoria`;
INSERT INTO `categoria` (`id_cat`, `nome_cat`, `desc_cat`, `tipo`) VALUES
	(1, 'Hard Tile & Stone', 'In hac habitasse platea dictumst. Etiam faucibus c', 'D'),
	(2, 'Ornamental Railings', 'Praesent blandit lacinia erat. Vestibulum sed magn', 'R'),
	(3, 'Prefabricated Aluminum Metal Canopies', 'Praesent id massa id nisl venenatis lacinia. Aenea', 'R'),
	(4, 'Hard Tile & Stone', 'Nulla facilisi. Cras non velit nec nisi vulputate ', 'R'),
	(5, 'Exterior Signage', 'In eleifend quam a odio. In hac habitasse platea d', 'D'),
	(6, 'Electrical and Fire Alarm', 'Nullam porttitor lacus at turpis. Donec posuere me', 'D'),
	(7, 'Masonry & Precast', 'Cras non velit nec nisi vulputate nonummy. Maecena', 'R'),
	(8, 'Fire Sprinkler System', 'Vivamus vel nulla eget eros elementum pellentesque', 'D'),
	(9, 'Glass & Glazing', 'Mauris sit amet eros.', 'R'),
	(10, 'Masonry & Precast', 'Suspendisse potenti. Nullam porttitor lacus at tur', 'R'),
	(11, 'Casework', 'Nulla ac enim. In tempor, turpis nec euismod scele', 'R'),
	(12, 'Structural & Misc Steel Erection', 'Duis ac nibh. Fusce lacus purus, aliquet at, feugi', 'R'),
	(13, 'Elevator', 'Maecenas tristique, est et tempus semper, est quam', 'R'),
	(14, 'Masonry & Precast', 'Vestibulum sed magna at nunc commodo placerat. Pra', 'D'),
	(15, 'Glass & Glazing', 'Lorem ipsum dolor sit amet, consectetuer adipiscin', 'D');

-- Copiando estrutura para tabela financias.despesa
CREATE TABLE IF NOT EXISTS `despesa` (
  `id_desp` int(11) NOT NULL AUTO_INCREMENT,
  `nome_desp` varchar(50) DEFAULT NULL,
  `valor_desp` float DEFAULT NULL,
  `valor_pgto` float DEFAULT NULL,
  `dt_venc` date DEFAULT NULL,
  `id_pessoa` int(11) DEFAULT NULL,
  `id_cat` int(11) DEFAULT NULL,
  PRIMARY KEY (`id_desp`),
  KEY `id_pessoa` (`id_pessoa`),
  KEY `id_cat` (`id_cat`),
  CONSTRAINT `despesa_ibfk_1` FOREIGN KEY (`id_pessoa`) REFERENCES `pessoa` (`id_pessoa`),
  CONSTRAINT `despesa_ibfk_2` FOREIGN KEY (`id_cat`) REFERENCES `categoria` (`id_cat`)
) ENGINE=InnoDB AUTO_INCREMENT=1001 DEFAULT CHARSET=utf8mb4;

-- Copiando dados para a tabela financias.despesa: ~993 rows (aproximadamente)
DELETE FROM `despesa`;
INSERT INTO `despesa` (`id_desp`, `nome_desp`, `valor_desp`, `valor_pgto`, `dt_venc`, `id_pessoa`, `id_cat`) VALUES
	(1, 'vale transporte e salário', 46.91, 32.06, '2007-12-25', 2, 4),
	(2, 'vale transporte e salário', 11.34, 83.33, '2010-05-11', 19, 11),
	(3, 'Alimentação', 52.46, 96.56, '2005-05-21', 47, 15),
	(4, 'vale transporte e salário', 83.66, 25.02, '2002-03-07', 78, 11),
	(5, 'Alimentação', 12.22, 29.21, '2003-07-29', 43, 11),
	(6, 'vale transporte e salário', 74.92, 19.2, '2001-09-17', 82, 9),
	(7, 'Alimentação', 32.35, 92.26, '2006-05-02', 41, 4),
	(8, 'Alimentação', 30.27, 3.67, '2022-01-11', 69, 10),
	(9, 'Alimentação', 16.54, 71.44, '2001-05-30', 46, 11),
	(10, 'vale transporte e salário', 21.83, 3.47, '2010-02-10', 40, 14),
	(11, 'Alimentação', 40.97, 30.69, '2011-12-06', 71, 4),
	(12, 'Alimentação', 82.95, 17.89, '2017-03-29', 1, 11),
	(13, 'vale transporte e salário', 67.59, 3.96, '2003-09-13', 26, 7),
	(14, 'Alimentação', 2.24, 85.38, '2017-10-28', 83, 4),
	(15, 'vale transporte e salário', 19.48, 25.14, '2013-05-22', 46, 11),
	(16, 'vale transporte e salário', 94.41, 10.99, '2009-03-05', 65, 5),
	(17, 'vale transporte e salário', 34.34, 82.72, '2008-01-12', 93, 4),
	(18, 'vale transporte e salário', 86.17, 7.8, '1995-10-25', 61, 12),
	(19, 'Alimentação', 36.68, 68.52, '2016-04-04', 27, 3),
	(20, 'vale transporte e salário', 30.9, 68.7, '2003-04-19', 85, 15),
	(21, 'Alimentação', 67.02, 74.27, '1998-11-05', 7, 13),
	(22, 'Alimentação', 12.05, 51.73, '2015-05-16', 29, 12),
	(23, 'vale transporte e salário', 82.32, 51.56, '2000-04-21', 51, 8),
	(24, 'Alimentação', 45.2, 62.22, '2019-01-16', 21, 3),
	(25, 'vale transporte e salário', 72.45, 72.65, '2001-01-06', 37, 7),
	(26, 'vale transporte e salário', 77.44, 64.64, '2000-07-11', 17, 7),
	(27, 'Alimentação', 2.12, 72.21, '2023-11-10', 73, 11),
	(28, 'Alimentação', 54.09, 41.02, '2020-10-24', 6, 12),
	(29, 'vale transporte e salário', 99.15, 26.33, '2005-08-15', 25, 12),
	(30, 'vale transporte e salário', 81, 56.52, '2019-09-04', 56, 12),
	(31, 'vale transporte e salário', 80.36, 38.78, '2005-09-25', 34, 13),
	(32, 'vale transporte e salário', 69.06, 70.94, '1999-08-14', 81, 9),
	(33, 'vale transporte e salário', 6.04, 21.55, '2009-12-19', 61, 3),
	(34, 'vale transporte e salário', 55.2, 48.49, '2004-09-04', 2, 11),
	(35, 'vale transporte e salário', 71.35, 19.35, '2009-02-07', 79, 6),
	(36, 'vale transporte e salário', 5.5, 59.62, '2024-06-10', 78, 15),
	(37, 'vale transporte e salário', 57.82, 97.9, '2012-07-25', 59, 6),
	(38, 'vale transporte e salário', 71.1, 34.78, '2005-08-25', 89, 2),
	(39, 'Alimentação', 69.02, 62.5, '1996-10-11', 66, 4),
	(40, 'Alimentação', 26.48, 73.12, '2004-10-25', 61, 1),
	(41, 'Alimentação', 49.81, 36.58, '2012-10-11', 58, 14),
	(42, 'vale transporte e salário', 3.24, 79.55, '2013-04-25', 4, 5),
	(43, 'Alimentação', 25.3, 47.77, '2003-12-22', 19, 4),
	(44, 'Alimentação', 50.91, 57.1, '2019-05-30', 52, 2),
	(45, 'vale transporte e salário', 16.52, 57.07, '1996-10-01', 78, 3),
	(46, 'Alimentação', 46.26, 76.77, '2010-12-04', 21, 9),
	(47, 'Alimentação', 3.43, 33.85, '2001-07-22', 86, 1),
	(48, 'vale transporte e salário', 91.85, 51.49, '2003-01-14', 94, 9),
	(49, 'vale transporte e salário', 96.34, 49.85, '2016-10-13', 22, 14),
	(50, 'vale transporte e salário', 40.62, 73.94, '2005-03-13', 49, 14),
	(51, 'vale transporte e salário', 29.15, 96.45, '2001-11-02', 22, 1),
	(52, 'Alimentação', 30.25, 38, '1999-10-14', 18, 13),
	(53, 'vale transporte e salário', 47.91, 79.33, '1997-11-20', 80, 3),
	(54, 'Alimentação', 87.66, 2.43, '2002-02-21', 70, 2),
	(55, 'vale transporte e salário', 29.23, 58.99, '2023-09-23', 90, 14),
	(56, 'Alimentação', 7.96, 33.6, '1998-07-12', 12, 10),
	(57, 'vale transporte e salário', 63.07, 76.35, '2020-07-29', 42, 9),
	(58, 'vale transporte e salário', 50.39, 39.86, '2012-08-13', 43, 13),
	(59, 'Alimentação', 97.51, 65.04, '2012-01-28', 43, 5),
	(60, 'vale transporte e salário', 92.48, 81.86, '2011-02-11', 38, 4),
	(61, 'Alimentação', 3.5, 2.58, '2008-08-19', 19, 6),
	(62, 'vale transporte e salário', 44.37, 74.27, '2015-07-03', 61, 6),
	(63, 'Alimentação', 12.37, 66.16, '2013-03-31', 43, 4),
	(64, 'Alimentação', 63.68, 47.05, '2008-10-26', 28, 13),
	(65, 'Alimentação', 11.87, 39.4, '2011-07-10', 51, 12),
	(66, 'Alimentação', 94.85, 70.61, '1998-02-16', 55, 15),
	(67, 'vale transporte e salário', 61.05, 40.47, '2024-04-14', 3, 6),
	(68, 'vale transporte e salário', 70.01, 7.83, '2019-04-16', 94, 6),
	(69, 'vale transporte e salário', 72.04, 22.67, '2006-01-16', 36, 13),
	(70, 'Alimentação', 41.75, 98.8, '2012-12-28', 4, 7),
	(71, 'Alimentação', 47.33, 69.02, '2020-11-29', 46, 6),
	(72, 'Alimentação', 44.66, 20.98, '2001-06-25', 24, 10),
	(73, 'Alimentação', 5.49, 30.33, '2014-04-11', 97, 9),
	(74, 'vale transporte e salário', 22.93, 10.85, '2019-01-30', 67, 1),
	(75, 'vale transporte e salário', 92.54, 98.76, '1996-07-08', 24, 2),
	(76, 'vale transporte e salário', 13.96, 79.1, '2013-03-11', 59, 8),
	(77, 'vale transporte e salário', 71.4, 48.97, '2022-11-19', 64, 15),
	(78, 'Alimentação', 32.34, 18.13, '2007-08-14', 75, 3),
	(79, 'Alimentação', 50.65, 7.1, '1995-12-09', 8, 4),
	(80, 'Alimentação', 69.84, 29.63, '2004-01-29', 10, 15),
	(81, 'Alimentação', 54.28, 8.17, '1997-06-04', 71, 15),
	(82, 'vale transporte e salário', 40.18, 96.19, '2001-07-07', 73, 13),
	(83, 'Alimentação', 11.1, 35.19, '2004-04-22', 32, 2),
	(84, 'vale transporte e salário', 52.28, 43.62, '2017-03-16', 85, 4),
	(85, 'vale transporte e salário', 88.04, 97.68, '2013-04-07', 33, 3),
	(86, 'Alimentação', 88.09, 71.68, '2017-08-19', 66, 14),
	(87, 'vale transporte e salário', 47.16, 99.71, '2024-06-01', 83, 12),
	(88, 'Alimentação', 89.6, 40.43, '2020-04-21', 85, 5),
	(89, 'Alimentação', 5.18, 40.15, '2003-09-09', 6, 4),
	(90, 'Alimentação', 28.11, 18.28, '2011-07-27', 16, 12),
	(91, 'Alimentação', 23.97, 48.84, '1999-12-24', 54, 1),
	(92, 'vale transporte e salário', 32.96, 43.48, '2011-09-27', 35, 3),
	(93, 'vale transporte e salário', 32.31, 89.68, '2008-04-02', 16, 1),
	(94, 'vale transporte e salário', 27.79, 99.88, '1999-11-18', 6, 7),
	(95, 'Alimentação', 9.47, 82.61, '2023-03-12', 58, 4),
	(96, 'vale transporte e salário', 49.51, 63.77, '2004-11-30', 8, 3),
	(97, 'vale transporte e salário', 70.77, 60.1, '1997-11-28', 6, 4),
	(98, 'vale transporte e salário', 90.37, 69.13, '2017-11-05', 10, 8),
	(99, 'Alimentação', 36.29, 84.11, '2010-02-28', 33, 7),
	(100, 'Alimentação', 6.76, 4.32, '2010-01-15', 94, 8),
	(101, 'vale transporte e salário', 25.75, 69.67, '1999-02-16', 33, 3),
	(102, 'Alimentação', 40.2, 61.99, '2002-07-02', 88, 10),
	(103, 'vale transporte e salário', 85.26, 83.93, '1995-12-03', 61, 8),
	(104, 'vale transporte e salário', 43.88, 40.74, '2005-05-23', 31, 5),
	(105, 'Alimentação', 36.03, 56.92, '2005-02-23', 100, 11),
	(106, 'Alimentação', 55.54, 84.34, '2005-05-18', 14, 12),
	(107, 'Alimentação', 75.93, 75.28, '2018-05-04', 36, 10),
	(108, 'Alimentação', 96.09, 29.55, '2019-08-15', 13, 7),
	(109, 'Alimentação', 24.59, 3.98, '2012-11-07', 97, 3),
	(110, 'vale transporte e salário', 49.77, 14.69, '2010-10-11', 57, 8),
	(111, 'vale transporte e salário', 2.34, 97.17, '2006-01-31', 59, 14),
	(112, 'Alimentação', 86.36, 66.17, '2010-09-18', 2, 12),
	(113, 'Alimentação', 91.68, 83.4, '1998-04-15', 10, 12),
	(114, 'vale transporte e salário', 40.5, 57.84, '2014-10-14', 52, 8),
	(115, 'vale transporte e salário', 72.97, 29.54, '2005-06-03', 62, 2),
	(116, 'Alimentação', 60.75, 56.47, '2000-10-08', 90, 3),
	(117, 'Alimentação', 44.77, 7.47, '2010-05-21', 71, 4),
	(118, 'vale transporte e salário', 72.09, 87.13, '2023-01-10', 14, 14),
	(119, 'Alimentação', 78.42, 93.39, '2008-06-13', 99, 13),
	(120, 'vale transporte e salário', 86.16, 14.47, '2008-01-16', 48, 12),
	(121, 'Alimentação', 90.26, 23.62, '2013-10-14', 44, 9),
	(122, 'vale transporte e salário', 24.85, 54.1, '2025-05-07', 60, 4),
	(123, 'Alimentação', 94.04, 23.17, '2017-09-04', 64, 11),
	(124, 'vale transporte e salário', 58.83, 74.51, '2002-05-24', 42, 13),
	(125, 'vale transporte e salário', 46.2, 36.21, '2017-08-25', 24, 4),
	(126, 'vale transporte e salário', 69.39, 85.74, '2015-05-12', 64, 14),
	(127, 'vale transporte e salário', 2.88, 29.02, '2000-06-08', 10, 9),
	(128, 'Alimentação', 18.16, 54.73, '2010-08-10', 83, 8),
	(129, 'Alimentação', 16.86, 51.11, '2005-06-20', 80, 9),
	(130, 'vale transporte e salário', 25.75, 5.94, '2010-04-18', 6, 11),
	(131, 'vale transporte e salário', 74.04, 53.86, '2020-04-23', 46, 2),
	(132, 'vale transporte e salário', 57.84, 76.54, '2011-11-13', 89, 5),
	(133, 'Alimentação', 27.35, 43.55, '1999-06-21', 8, 5),
	(134, 'vale transporte e salário', 18.53, 45.35, '2008-07-11', 75, 8),
	(135, 'Alimentação', 78.23, 41.37, '1997-10-22', 11, 9),
	(136, 'Alimentação', 57.16, 10.56, '2000-09-02', 30, 15),
	(137, 'vale transporte e salário', 9.07, 97.26, '2000-09-30', 35, 11),
	(138, 'vale transporte e salário', 12.39, 89.73, '2004-11-14', 76, 2),
	(139, 'vale transporte e salário', 58.2, 95.5, '2015-11-02', 40, 3),
	(140, 'Alimentação', 87.26, 33.83, '2005-01-07', 70, 9),
	(141, 'vale transporte e salário', 49.96, 87.75, '2006-01-08', 84, 5),
	(142, 'vale transporte e salário', 61.29, 86.45, '2003-04-04', 13, 8),
	(143, 'Alimentação', 87.36, 4.24, '2013-08-25', 94, 12),
	(144, 'vale transporte e salário', 23.62, 64.58, '2016-06-18', 84, 7),
	(145, 'Alimentação', 58.06, 40.95, '2009-12-13', 54, 11),
	(146, 'vale transporte e salário', 94.66, 62.06, '1997-04-04', 27, 6),
	(147, 'vale transporte e salário', 32.06, 85.87, '1998-05-09', 65, 1),
	(148, 'Alimentação', 67.05, 23.84, '1996-07-15', 62, 11),
	(149, 'Alimentação', 29.43, 82.7, '2023-01-27', 75, 13),
	(150, 'vale transporte e salário', 99.59, 5.76, '2024-04-27', 42, 13),
	(151, 'vale transporte e salário', 53.3, 68.91, '2020-04-17', 100, 15),
	(152, 'Alimentação', 44.33, 53.39, '2003-04-13', 80, 11),
	(153, 'Alimentação', 35.36, 21.08, '2008-03-03', 83, 12),
	(154, 'Alimentação', 84.19, 55.66, '1996-12-29', 15, 1),
	(155, 'Alimentação', 68.54, 46.58, '2009-07-18', 67, 1),
	(156, 'vale transporte e salário', 83.45, 97.63, '2022-03-31', 3, 5),
	(157, 'vale transporte e salário', 70.83, 15.75, '1999-12-16', 2, 8),
	(158, 'Alimentação', 80.66, 53.87, '1997-05-01', 99, 8),
	(159, 'Alimentação', 17.05, 30.07, '2017-04-12', 69, 2),
	(160, 'vale transporte e salário', 69.64, 71.38, '2004-10-31', 30, 6),
	(161, 'Alimentação', 7.27, 49.01, '2003-06-23', 13, 9),
	(162, 'vale transporte e salário', 22.21, 90.19, '2016-07-25', 1, 1),
	(163, 'vale transporte e salário', 75.09, 43.27, '2012-03-10', 27, 4),
	(164, 'Alimentação', 20.18, 39.74, '2019-02-18', 31, 6),
	(165, 'vale transporte e salário', 86.08, 83.33, '2023-08-16', 94, 14),
	(166, 'vale transporte e salário', 48.98, 13.17, '2023-09-18', 95, 15),
	(167, 'Alimentação', 68.6, 52.41, '2011-05-29', 39, 6),
	(168, 'vale transporte e salário', 82.95, 35.25, '2008-05-21', 64, 10),
	(169, 'Alimentação', 12.51, 47.51, '2006-03-21', 33, 3),
	(170, 'vale transporte e salário', 78.29, 59.5, '2019-03-27', 78, 9),
	(171, 'Alimentação', 67.24, 16.25, '2005-02-25', 59, 1),
	(172, 'vale transporte e salário', 25.71, 10.24, '2000-10-25', 72, 15),
	(173, 'vale transporte e salário', 19.36, 86.05, '2013-06-02', 2, 14),
	(174, 'vale transporte e salário', 22.56, 17.24, '2016-09-11', 10, 15),
	(175, 'vale transporte e salário', 77.8, 40.18, '2001-02-09', 52, 6),
	(176, 'Alimentação', 53.65, 42.86, '1997-07-03', 82, 11),
	(177, 'vale transporte e salário', 30.52, 94.61, '2019-02-27', 23, 9),
	(178, 'Alimentação', 56.21, 27.34, '2008-02-15', 75, 13),
	(179, 'Alimentação', 92.22, 68.26, '2016-05-16', 14, 2),
	(180, 'vale transporte e salário', 97.71, 31.02, '2022-07-08', 75, 7),
	(181, 'Alimentação', 89.78, 78.68, '2016-12-18', 71, 9),
	(182, 'Alimentação', 57.54, 37.67, '2024-11-15', 65, 5),
	(183, 'Alimentação', 71.44, 93.87, '2008-03-07', 26, 10),
	(184, 'vale transporte e salário', 15.76, 68.9, '2021-03-25', 18, 3),
	(185, 'vale transporte e salário', 10.21, 58.7, '2020-01-04', 35, 13),
	(186, 'Alimentação', 11.81, 69.39, '2023-01-28', 14, 12),
	(187, 'Alimentação', 68.48, 7.7, '2005-04-28', 49, 6),
	(188, 'vale transporte e salário', 73.94, 5.83, '2017-06-15', 36, 11),
	(189, 'vale transporte e salário', 8.67, 74.59, '2013-11-08', 10, 10),
	(190, 'vale transporte e salário', 32.87, 68.39, '2025-05-27', 2, 8),
	(191, 'vale transporte e salário', 93.87, 46.39, '2016-01-21', 3, 15),
	(192, 'vale transporte e salário', 37.15, 24.47, '2007-08-03', 94, 4),
	(193, 'vale transporte e salário', 8.08, 40.08, '2009-04-01', 18, 4),
	(194, 'Alimentação', 22.85, 19.83, '2004-01-05', 52, 11),
	(195, 'vale transporte e salário', 7.23, 13.42, '2004-11-22', 9, 13),
	(196, 'Alimentação', 13.68, 56.25, '2000-07-21', 94, 15),
	(197, 'Alimentação', 7.39, 8.15, '2013-02-14', 70, 7),
	(198, 'vale transporte e salário', 68.83, 37.08, '2005-06-30', 55, 8),
	(199, 'vale transporte e salário', 93.97, 68.64, '2005-07-18', 96, 11),
	(200, 'vale transporte e salário', 74.38, 96.15, '1996-10-03', 52, 1),
	(201, 'Alimentação', 60.57, 20.67, '2006-09-26', 57, 11),
	(202, 'vale transporte e salário', 55.57, 55.73, '2017-07-07', 100, 15),
	(203, 'Alimentação', 96.09, 59.2, '2006-01-04', 94, 10),
	(204, 'Alimentação', 55.89, 81.35, '2009-05-10', 71, 14),
	(205, 'Alimentação', 34.65, 24.58, '2022-07-25', 48, 12),
	(206, 'vale transporte e salário', 84.25, 58.27, '2021-06-14', 21, 12),
	(207, 'Alimentação', 93.47, 20.77, '2023-02-12', 49, 15),
	(208, 'vale transporte e salário', 10.73, 80.97, '2017-06-14', 52, 3),
	(209, 'Alimentação', 34.94, 12.25, '2017-01-02', 34, 2),
	(210, 'vale transporte e salário', 14.3, 33.93, '2021-12-12', 86, 5),
	(211, 'vale transporte e salário', 39.85, 92.51, '2011-11-18', 70, 5),
	(212, 'Alimentação', 88.69, 68.33, '2005-06-15', 4, 11),
	(213, 'vale transporte e salário', 20.61, 79.1, '2001-08-10', 63, 15),
	(214, 'Alimentação', 3.74, 44.02, '2024-12-29', 54, 9),
	(215, 'Alimentação', 66.8, 91.57, '2019-11-03', 67, 14),
	(216, 'vale transporte e salário', 45.48, 34.91, '1995-11-18', 63, 13),
	(217, 'Alimentação', 15.83, 51.13, '2001-10-14', 14, 9),
	(218, 'Alimentação', 22.17, 67.45, '2000-09-03', 78, 7),
	(219, 'Alimentação', 93.56, 25.38, '2018-08-16', 38, 8),
	(220, 'vale transporte e salário', 6.69, 93.07, '2003-05-05', 96, 14),
	(221, 'vale transporte e salário', 37.24, 33.28, '2000-12-05', 32, 8),
	(222, 'Alimentação', 29.49, 93.66, '1998-03-14', 69, 10),
	(223, 'vale transporte e salário', 47.2, 95.37, '1999-07-23', 81, 15),
	(224, 'vale transporte e salário', 38.79, 26.05, '2012-08-10', 77, 4),
	(225, 'Alimentação', 97.39, 98.41, '2006-05-16', 68, 9),
	(226, 'Alimentação', 90.72, 97.07, '2008-02-09', 32, 1),
	(227, 'vale transporte e salário', 5.74, 79.46, '2007-03-18', 57, 5),
	(228, 'vale transporte e salário', 74.79, 17.88, '2003-05-04', 71, 13),
	(229, 'Alimentação', 86.03, 17.65, '2008-11-04', 87, 5),
	(230, 'Alimentação', 93.99, 21.62, '1998-09-07', 39, 15),
	(231, 'vale transporte e salário', 53.09, 70.17, '2019-10-20', 70, 3),
	(232, 'Alimentação', 56.28, 23.31, '2022-12-06', 33, 12),
	(233, 'vale transporte e salário', 4.62, 74.29, '2006-02-18', 54, 7),
	(234, 'Alimentação', 29.52, 14.89, '2018-05-22', 30, 11),
	(235, 'vale transporte e salário', 68.23, 89.91, '1996-07-04', 6, 3),
	(236, 'Alimentação', 82.11, 68.9, '2013-06-20', 10, 7),
	(237, 'Alimentação', 45.29, 16.04, '2014-06-15', 39, 3),
	(238, 'Alimentação', 13.66, 44.55, '2022-07-06', 38, 12),
	(239, 'vale transporte e salário', 27.88, 4.83, '2021-12-11', 31, 4),
	(240, 'vale transporte e salário', 95.94, 5.29, '2013-06-29', 85, 1),
	(241, 'Alimentação', 73.56, 27.97, '2016-12-31', 66, 8),
	(242, 'Alimentação', 81.57, 22.55, '2017-02-14', 51, 5),
	(243, 'Alimentação', 98.01, 94.51, '2007-07-02', 52, 5),
	(244, 'vale transporte e salário', 95.82, 77.02, '2007-09-24', 9, 2),
	(245, 'Alimentação', 58.95, 84.98, '1997-07-26', 61, 14),
	(246, 'vale transporte e salário', 60.5, 97.5, '1996-06-03', 100, 12),
	(247, 'vale transporte e salário', 20.98, 36.1, '2015-10-02', 28, 4),
	(248, 'Alimentação', 95.85, 77.29, '2010-01-21', 25, 6),
	(249, 'vale transporte e salário', 27.65, 9.08, '2010-04-26', 39, 11),
	(250, 'vale transporte e salário', 70.7, 92.32, '2022-02-24', 93, 13),
	(251, 'Alimentação', 11.47, 64.14, '1998-02-04', 75, 9),
	(252, 'Alimentação', 44.07, 43.38, '2025-07-01', 21, 14),
	(253, 'vale transporte e salário', 50.73, 70.42, '2022-11-16', 65, 10),
	(254, 'Alimentação', 35.81, 25.8, '2010-06-13', 96, 12),
	(255, 'vale transporte e salário', 20.45, 49.42, '2010-11-23', 55, 2),
	(256, 'Alimentação', 33.39, 27.18, '2005-11-10', 43, 1),
	(257, 'Alimentação', 88.49, 31.45, '2023-10-26', 38, 4),
	(258, 'vale transporte e salário', 29.82, 92.81, '2016-03-31', 49, 3),
	(259, 'Alimentação', 25.33, 98.13, '2002-12-21', 30, 12),
	(260, 'vale transporte e salário', 65.04, 90.48, '2012-11-28', 89, 14),
	(261, 'vale transporte e salário', 71.53, 48.43, '2006-12-19', 11, 8),
	(262, 'Alimentação', 10.58, 27.94, '2000-05-19', 7, 11),
	(263, 'vale transporte e salário', 89.6, 66.34, '2016-03-29', 73, 12),
	(264, 'Alimentação', 25.19, 78.22, '2020-09-15', 85, 4),
	(265, 'Alimentação', 67.9, 28.72, '1997-08-11', 50, 7),
	(266, 'Alimentação', 85.05, 89.48, '2001-06-12', 35, 1),
	(267, 'Alimentação', 37.96, 77.68, '2005-11-18', 74, 6),
	(268, 'Alimentação', 29.2, 2.96, '1997-02-12', 36, 12),
	(269, 'Alimentação', 96.63, 7.46, '2014-01-20', 72, 10),
	(270, 'Alimentação', 28.31, 63.05, '2021-02-18', 96, 2),
	(271, 'Alimentação', 86.62, 4.54, '2021-10-28', 35, 6),
	(272, 'vale transporte e salário', 27.74, 92.19, '2017-10-10', 16, 14),
	(273, 'Alimentação', 74.99, 15.49, '1998-11-30', 58, 14),
	(274, 'vale transporte e salário', 95.3, 52.23, '2015-01-11', 7, 8),
	(275, 'vale transporte e salário', 57.55, 90.37, '1998-01-09', 3, 7),
	(276, 'Alimentação', 24.54, 24.42, '2021-08-19', 100, 9),
	(277, 'Alimentação', 74.58, 29.69, '2016-06-08', 79, 1),
	(278, 'vale transporte e salário', 71.7, 41.82, '1999-04-02', 15, 2),
	(279, 'vale transporte e salário', 3.09, 92.16, '2006-04-05', 60, 15),
	(280, 'vale transporte e salário', 10.89, 33.36, '2003-01-17', 12, 3),
	(281, 'vale transporte e salário', 55.01, 62.69, '2002-07-25', 35, 4),
	(282, 'Alimentação', 4.54, 87.22, '1997-02-14', 44, 9),
	(283, 'vale transporte e salário', 17.91, 79.65, '2006-02-04', 56, 7),
	(284, 'vale transporte e salário', 77.06, 87.31, '1999-10-20', 39, 4),
	(285, 'vale transporte e salário', 50.3, 32.77, '2003-04-18', 57, 1),
	(286, 'vale transporte e salário', 47.14, 62.71, '2016-12-14', 14, 11),
	(287, 'vale transporte e salário', 83.35, 84.85, '2014-08-02', 99, 6),
	(288, 'Alimentação', 39.88, 96.77, '2023-02-06', 29, 11),
	(289, 'vale transporte e salário', 92.62, 67.17, '2001-07-29', 6, 4),
	(290, 'vale transporte e salário', 64.65, 62.4, '2019-01-12', 17, 13),
	(291, 'vale transporte e salário', 84.29, 42.78, '2003-06-29', 29, 8),
	(292, 'Alimentação', 97.81, 62.56, '1998-08-02', 20, 2),
	(293, 'vale transporte e salário', 37.06, 57.05, '2004-02-13', 25, 13),
	(294, 'vale transporte e salário', 53.6, 3.73, '2021-11-11', 10, 7),
	(295, 'vale transporte e salário', 80.86, 43.19, '2006-05-15', 66, 15),
	(296, 'vale transporte e salário', 46.15, 77.69, '2005-04-13', 82, 7),
	(297, 'Alimentação', 8.32, 90.94, '2021-11-02', 17, 15),
	(298, 'vale transporte e salário', 85.59, 31.16, '2024-03-02', 46, 13),
	(299, 'vale transporte e salário', 74.95, 45.66, '2006-05-03', 21, 11),
	(300, 'Alimentação', 73.48, 32.69, '2003-01-06', 75, 9),
	(301, 'Alimentação', 58.76, 72.5, '2002-11-19', 26, 1),
	(302, 'Alimentação', 92.81, 16.89, '2021-07-29', 52, 10),
	(303, 'vale transporte e salário', 64.8, 67.35, '1998-06-25', 21, 5),
	(304, 'vale transporte e salário', 49.63, 43.75, '2009-10-15', 21, 11),
	(305, 'vale transporte e salário', 49.5, 78.29, '2009-10-29', 71, 9),
	(306, 'vale transporte e salário', 10.28, 61.84, '2018-04-10', 32, 8),
	(307, 'vale transporte e salário', 34.69, 42.33, '2007-10-23', 77, 14),
	(308, 'vale transporte e salário', 44.83, 78.85, '2025-09-17', 69, 7),
	(309, 'Alimentação', 84.59, 90.03, '2003-02-25', 55, 6),
	(310, 'vale transporte e salário', 13.25, 86.12, '2004-02-22', 58, 2),
	(311, 'Alimentação', 97.43, 44.79, '2000-09-05', 64, 3),
	(312, 'vale transporte e salário', 9.76, 66.14, '2015-03-14', 98, 6),
	(313, 'Alimentação', 27.77, 41.15, '1999-05-25', 23, 9),
	(314, 'vale transporte e salário', 93.04, 68.82, '2018-03-19', 82, 4),
	(315, 'Alimentação', 43.28, 81.53, '2008-12-29', 98, 4),
	(316, 'Alimentação', 94.31, 79.46, '2024-08-02', 25, 3),
	(317, 'Alimentação', 96.06, 22.15, '2005-06-25', 91, 5),
	(318, 'Alimentação', 9.19, 73.28, '2015-11-04', 1, 9),
	(319, 'vale transporte e salário', 33.41, 51.96, '1996-10-01', 55, 14),
	(320, 'Alimentação', 26.61, 64.78, '2008-03-29', 86, 3),
	(321, 'Alimentação', 75.98, 4.79, '2021-01-16', 74, 5),
	(322, 'vale transporte e salário', 26.08, 88.01, '1999-12-18', 63, 10),
	(323, 'vale transporte e salário', 57.04, 54.91, '2010-06-12', 20, 13),
	(324, 'Alimentação', 73.7, 52.37, '2010-12-12', 63, 12),
	(325, 'Alimentação', 22.49, 11.5, '1998-01-26', 62, 7),
	(326, 'vale transporte e salário', 83.51, 79.74, '1998-02-22', 6, 11),
	(327, 'Alimentação', 8.96, 54.93, '2017-07-01', 3, 13),
	(328, 'vale transporte e salário', 68.21, 80.96, '2014-11-21', 4, 4),
	(329, 'vale transporte e salário', 51.41, 61.46, '2009-10-31', 91, 15),
	(330, 'Alimentação', 7.58, 63.22, '2010-08-14', 36, 3),
	(331, 'vale transporte e salário', 86.35, 58.76, '2020-10-02', 31, 11),
	(332, 'Alimentação', 41.76, 41.76, '2009-02-12', 65, 3),
	(333, 'vale transporte e salário', 45.66, 55.18, '2004-08-04', 71, 7),
	(334, 'Alimentação', 91.67, 2.75, '2000-02-05', 3, 8),
	(335, 'vale transporte e salário', 5.16, 30.61, '1999-12-06', 38, 9),
	(336, 'vale transporte e salário', 82.03, 42.15, '2025-01-31', 18, 5),
	(337, 'Alimentação', 9.03, 3.04, '2002-02-07', 78, 13),
	(338, 'vale transporte e salário', 86.09, 28.91, '2002-10-02', 81, 2),
	(339, 'Alimentação', 97.82, 61.64, '2015-08-23', 18, 12),
	(340, 'vale transporte e salário', 38.27, 58.77, '2006-09-21', 95, 13),
	(341, 'vale transporte e salário', 87.19, 34.99, '2016-01-08', 33, 13),
	(342, 'Alimentação', 58.67, 40.22, '2009-09-08', 47, 6),
	(343, 'vale transporte e salário', 86.01, 25.78, '2011-09-24', 18, 12),
	(344, 'Alimentação', 31.21, 8.16, '2010-11-16', 28, 12),
	(345, 'vale transporte e salário', 100, 43.82, '2017-03-21', 36, 1),
	(346, 'Alimentação', 32.5, 96.05, '2018-01-26', 12, 7),
	(347, 'vale transporte e salário', 64.1, 92.11, '2020-05-10', 67, 1),
	(348, 'Alimentação', 82.29, 40.1, '2014-12-04', 21, 9),
	(349, 'vale transporte e salário', 30.01, 76.55, '2001-11-02', 17, 9),
	(350, 'Alimentação', 9.87, 57.81, '2012-03-29', 50, 11),
	(351, 'vale transporte e salário', 74.02, 29.24, '2017-02-27', 37, 10),
	(352, 'Alimentação', 30.76, 45.47, '2000-01-04', 97, 15),
	(353, 'vale transporte e salário', 89.88, 41.02, '2000-06-04', 65, 3),
	(354, 'Alimentação', 28.6, 10.26, '1997-10-20', 94, 12),
	(355, 'vale transporte e salário', 87.78, 71.15, '2013-11-16', 95, 12),
	(356, 'Alimentação', 15.07, 30.24, '2018-02-01', 41, 7),
	(357, 'vale transporte e salário', 30.33, 76.38, '2009-10-02', 29, 8),
	(358, 'vale transporte e salário', 40.97, 7.77, '2014-02-28', 33, 11),
	(359, 'Alimentação', 40.67, 31.29, '2013-08-18', 79, 2),
	(360, 'Alimentação', 43.1, 70.91, '2001-01-30', 55, 13),
	(361, 'vale transporte e salário', 51.11, 58.29, '2008-05-15', 89, 4),
	(362, 'Alimentação', 51.93, 84.68, '2023-05-24', 45, 10),
	(363, 'vale transporte e salário', 78.26, 88.65, '2021-01-29', 29, 3),
	(364, 'Alimentação', 95.15, 74.76, '2006-06-28', 42, 1),
	(365, 'Alimentação', 25.71, 30.28, '2016-08-09', 81, 10),
	(366, 'Alimentação', 77.78, 12.22, '2004-08-18', 37, 7),
	(367, 'Alimentação', 61.19, 8.23, '2001-01-19', 38, 1),
	(368, 'vale transporte e salário', 99.88, 46.3, '2023-12-17', 46, 4),
	(369, 'vale transporte e salário', 62.41, 86.03, '1998-11-19', 37, 9),
	(370, 'vale transporte e salário', 30.5, 94.82, '2020-10-16', 63, 1),
	(371, 'Alimentação', 88.44, 55.87, '1996-04-18', 91, 6),
	(372, 'Alimentação', 50.27, 10.85, '2002-10-10', 97, 9),
	(373, 'vale transporte e salário', 68.63, 61.57, '2004-01-14', 40, 10),
	(374, 'Alimentação', 92.54, 87.29, '2021-09-10', 32, 6),
	(375, 'vale transporte e salário', 2.87, 37.3, '1996-03-01', 35, 7),
	(376, 'vale transporte e salário', 3.65, 70.39, '2001-07-21', 98, 5),
	(377, 'vale transporte e salário', 99.93, 89.8, '2019-03-20', 63, 7),
	(378, 'Alimentação', 32.88, 53.71, '2019-01-04', 26, 9),
	(379, 'Alimentação', 74.23, 16.83, '2018-07-30', 91, 3),
	(380, 'Alimentação', 50.92, 45.47, '2012-11-19', 39, 11),
	(381, 'vale transporte e salário', 52.67, 75.98, '2003-04-10', 15, 8),
	(382, 'vale transporte e salário', 27.81, 45.1, '1997-10-11', 62, 3),
	(383, 'vale transporte e salário', 70.26, 77.16, '2018-10-29', 78, 12),
	(384, 'vale transporte e salário', 73.59, 77.47, '2000-10-31', 79, 8),
	(385, 'vale transporte e salário', 74.27, 49.74, '1996-11-10', 92, 6),
	(386, 'Alimentação', 11.87, 29.53, '2020-06-18', 13, 12),
	(387, 'Alimentação', 36.41, 41.05, '2001-06-27', 21, 12),
	(388, 'vale transporte e salário', 22.3, 48.68, '2013-02-06', 91, 1),
	(389, 'Alimentação', 53.77, 8.91, '1997-02-21', 28, 11),
	(390, 'vale transporte e salário', 35.66, 96.95, '2019-09-10', 41, 12),
	(391, 'vale transporte e salário', 93.8, 48.31, '1997-01-27', 3, 4),
	(392, 'vale transporte e salário', 56.89, 94.71, '2007-07-21', 19, 7),
	(393, 'Alimentação', 50.72, 76.08, '2008-04-22', 88, 5),
	(394, 'vale transporte e salário', 73.25, 85.04, '2012-12-29', 55, 11),
	(395, 'Alimentação', 62.4, 14.31, '2022-10-27', 90, 4),
	(396, 'vale transporte e salário', 89.14, 66.16, '1997-11-17', 95, 7),
	(397, 'vale transporte e salário', 39.77, 71.28, '2018-02-22', 26, 5),
	(398, 'vale transporte e salário', 22.18, 53.89, '1998-10-02', 63, 1),
	(399, 'vale transporte e salário', 4.26, 51.06, '2004-06-03', 96, 1),
	(400, 'vale transporte e salário', 52.28, 96.93, '2010-08-27', 91, 3),
	(401, 'vale transporte e salário', 4.74, 98.86, '2001-12-09', 74, 6),
	(402, 'Alimentação', 91.64, 5.2, '2019-07-31', 92, 8),
	(403, 'Alimentação', 19.73, 56.6, '2004-03-22', 67, 12),
	(404, 'vale transporte e salário', 36.33, 23.48, '2015-07-12', 34, 14),
	(405, 'Alimentação', 57.14, 90.61, '2005-09-25', 60, 14),
	(406, 'Alimentação', 92.22, 4.28, '1998-11-25', 60, 5),
	(407, 'vale transporte e salário', 70.9, 39.25, '2003-06-17', 50, 10),
	(408, 'Alimentação', 14.35, 76.19, '1998-03-28', 96, 1),
	(409, 'Alimentação', 52.61, 10.73, '2019-04-09', 14, 14),
	(410, 'vale transporte e salário', 24.73, 82.59, '2013-12-10', 12, 13),
	(411, 'Alimentação', 63.01, 34.19, '2003-07-15', 89, 7),
	(412, 'vale transporte e salário', 28.84, 61.6, '2009-09-03', 71, 15),
	(413, 'vale transporte e salário', 40.21, 20.32, '2007-09-16', 30, 14),
	(414, 'Alimentação', 93.64, 69.55, '1998-04-27', 32, 11),
	(415, 'vale transporte e salário', 92.73, 66.3, '1999-11-16', 26, 14),
	(416, 'Alimentação', 96.62, 95.16, '2012-06-17', 91, 11),
	(417, 'Alimentação', 78.15, 6.83, '2000-02-05', 3, 13),
	(419, 'vale transporte e salário', 50.41, 91.29, '2005-12-03', 57, 9),
	(420, 'Alimentação', 60, 18.29, '2004-05-19', 90, 11),
	(421, 'Alimentação', 81.05, 80.47, '2010-03-05', 73, 13),
	(422, 'Alimentação', 89.18, 3.05, '1998-04-19', 7, 1),
	(423, 'vale transporte e salário', 23.54, 45.77, '2005-09-29', 92, 7),
	(424, 'Alimentação', 40.33, 48.04, '2008-09-14', 2, 1),
	(425, 'vale transporte e salário', 36.01, 34.87, '2018-08-07', 33, 6),
	(426, 'vale transporte e salário', 40.26, 75.61, '2024-12-23', 9, 7),
	(427, 'vale transporte e salário', 45.78, 72.8, '1997-08-07', 24, 5),
	(428, 'vale transporte e salário', 84.85, 64.55, '2025-06-11', 33, 12),
	(429, 'vale transporte e salário', 70.82, 88.68, '2012-11-29', 63, 9),
	(430, 'Alimentação', 58.56, 41.53, '2023-01-01', 100, 10),
	(431, 'vale transporte e salário', 77.84, 93.87, '2015-08-05', 2, 12),
	(432, 'vale transporte e salário', 40.61, 20.89, '2023-06-15', 87, 5),
	(433, 'vale transporte e salário', 93.36, 45.41, '2022-04-11', 34, 9),
	(434, 'vale transporte e salário', 4.32, 14.14, '1998-07-19', 74, 8),
	(435, 'vale transporte e salário', 96.47, 11.59, '2021-02-24', 17, 6),
	(436, 'vale transporte e salário', 23.49, 92.93, '2000-05-14', 85, 13),
	(437, 'vale transporte e salário', 47.48, 16.6, '2007-04-23', 33, 13),
	(438, 'Alimentação', 7.29, 47.39, '2015-11-13', 8, 8),
	(439, 'vale transporte e salário', 20.63, 27.36, '2012-02-12', 99, 1),
	(440, 'Alimentação', 63.52, 87.24, '2020-04-10', 82, 12),
	(441, 'Alimentação', 75.9, 93.44, '1998-09-30', 11, 5),
	(442, 'vale transporte e salário', 7.35, 59.02, '2007-06-02', 56, 4),
	(443, 'Alimentação', 39.87, 74.75, '2012-02-08', 65, 12),
	(444, 'Alimentação', 17.43, 2.43, '2021-08-21', 25, 1),
	(445, 'vale transporte e salário', 53.87, 72.84, '2005-07-11', 97, 13),
	(447, 'Alimentação', 86.27, 43.25, '2024-11-10', 59, 4),
	(448, 'Alimentação', 40.49, 95.09, '2007-09-06', 54, 4),
	(449, 'Alimentação', 80.84, 91.13, '2000-05-31', 62, 7),
	(450, 'Alimentação', 18.43, 74.85, '2004-01-18', 37, 13),
	(451, 'vale transporte e salário', 76.31, 8.55, '2006-04-04', 53, 10),
	(452, 'vale transporte e salário', 20.1, 80.05, '2008-08-23', 41, 15),
	(453, 'Alimentação', 99.85, 47.02, '2003-04-01', 30, 6),
	(454, 'vale transporte e salário', 17.99, 19.2, '2024-08-20', 88, 11),
	(455, 'Alimentação', 42.3, 2.89, '2007-09-20', 18, 13),
	(456, 'Alimentação', 93.66, 6.03, '2007-07-07', 26, 13),
	(457, 'vale transporte e salário', 49.17, 43.14, '2015-06-25', 92, 11),
	(458, 'vale transporte e salário', 80.38, 62.62, '2012-11-18', 6, 3),
	(459, 'vale transporte e salário', 16.62, 98.8, '1998-09-08', 8, 3),
	(460, 'vale transporte e salário', 39.16, 97.02, '2021-12-18', 21, 12),
	(461, 'Alimentação', 22.62, 33.2, '2009-05-26', 98, 9),
	(462, 'Alimentação', 18.87, 99.86, '2012-09-18', 36, 12),
	(463, 'Alimentação', 8.29, 99.5, '2020-06-04', 80, 8),
	(464, 'Alimentação', 60.22, 72.82, '2022-03-10', 48, 6),
	(465, 'Alimentação', 21.04, 93.15, '2009-03-02', 2, 10),
	(466, 'Alimentação', 12.16, 97.23, '2020-03-13', 4, 2),
	(467, 'Alimentação', 60.04, 35.81, '2010-10-23', 73, 12),
	(468, 'Alimentação', 54.31, 59.33, '2013-12-24', 98, 12),
	(469, 'vale transporte e salário', 9.76, 14.8, '2000-06-07', 47, 1),
	(470, 'Alimentação', 88.08, 38.48, '2001-05-29', 14, 3),
	(471, 'vale transporte e salário', 49.08, 59.07, '2022-09-19', 67, 13),
	(472, 'vale transporte e salário', 88.53, 27.44, '2017-09-16', 32, 1),
	(473, 'Alimentação', 26.15, 52.96, '2005-04-18', 19, 14),
	(474, 'Alimentação', 64.17, 91.21, '2000-06-08', 97, 3),
	(475, 'Alimentação', 77.7, 8.57, '2001-09-13', 18, 7),
	(476, 'vale transporte e salário', 26.98, 21.38, '2007-04-01', 34, 11),
	(477, 'Alimentação', 83.94, 96.56, '2006-03-10', 21, 6),
	(478, 'vale transporte e salário', 16.84, 9.94, '2012-12-01', 81, 9),
	(479, 'vale transporte e salário', 87.43, 78.44, '2010-03-28', 31, 12),
	(480, 'vale transporte e salário', 80.13, 89.93, '2023-12-30', 70, 1),
	(481, 'vale transporte e salário', 70.98, 16.2, '2009-01-22', 60, 5),
	(482, 'Alimentação', 40.79, 33.2, '2025-01-31', 71, 10),
	(483, 'vale transporte e salário', 34.4, 95.14, '2020-07-06', 94, 9),
	(484, 'vale transporte e salário', 24.85, 33.8, '2008-02-08', 47, 6),
	(485, 'vale transporte e salário', 48.34, 8.31, '2007-11-06', 90, 1),
	(486, 'Alimentação', 39.71, 59.89, '2018-01-15', 48, 14),
	(487, 'vale transporte e salário', 93.69, 12.67, '2022-09-13', 29, 2),
	(488, 'Alimentação', 88.02, 88.52, '2003-09-25', 89, 6),
	(489, 'Alimentação', 71.47, 62.68, '2001-08-29', 68, 10),
	(490, 'Alimentação', 53.36, 60.85, '2007-04-30', 74, 9),
	(491, 'vale transporte e salário', 66.3, 2.33, '2000-12-12', 13, 12),
	(492, 'vale transporte e salário', 36.86, 67.29, '2005-01-06', 15, 15),
	(493, 'Alimentação', 18.12, 84.27, '1996-06-22', 97, 3),
	(494, 'vale transporte e salário', 62.31, 12.77, '2005-04-14', 48, 6),
	(495, 'vale transporte e salário', 77.97, 12.91, '2015-09-16', 14, 3),
	(496, 'Alimentação', 64.85, 56.03, '2025-07-15', 40, 7),
	(497, 'vale transporte e salário', 98.2, 99.75, '2000-12-04', 83, 5),
	(498, 'Alimentação', 46.91, 7.6, '2006-06-13', 36, 10),
	(499, 'Alimentação', 85.8, 72.13, '2013-01-05', 88, 3),
	(500, 'Alimentação', 72.94, 41.86, '2013-09-12', 31, 9),
	(501, 'vale transporte e salário', 33.54, 21.98, '2015-06-23', 1, 7),
	(502, 'vale transporte e salário', 56.38, 4.97, '2015-02-27', 25, 14),
	(503, 'vale transporte e salário', 98.59, 15.78, '2023-08-09', 44, 3),
	(504, 'vale transporte e salário', 97.94, 32.7, '2012-02-06', 46, 8),
	(505, 'vale transporte e salário', 52.96, 85.57, '2001-08-12', 47, 15),
	(506, 'Alimentação', 90.42, 97.76, '2020-06-30', 93, 2),
	(507, 'Alimentação', 24.5, 44.7, '1998-08-12', 86, 10),
	(508, 'vale transporte e salário', 47.51, 27.11, '1996-04-08', 11, 11),
	(509, 'vale transporte e salário', 66.3, 16.69, '2007-12-30', 71, 5),
	(510, 'Alimentação', 89.37, 27.49, '2010-06-10', 61, 8),
	(511, 'Alimentação', 24.45, 62.2, '2009-01-28', 56, 14),
	(512, 'Alimentação', 15.49, 88.58, '2006-01-03', 55, 11),
	(513, 'Alimentação', 38.15, 85.04, '1998-11-15', 72, 6),
	(514, 'Alimentação', 43.63, 30.72, '2005-01-04', 29, 13),
	(515, 'vale transporte e salário', 78.51, 88.34, '2001-06-03', 71, 7),
	(516, 'vale transporte e salário', 8.33, 76.64, '2017-04-22', 2, 3),
	(517, 'vale transporte e salário', 47.22, 58.05, '2002-08-05', 48, 3),
	(518, 'vale transporte e salário', 8.59, 88.11, '2020-11-12', 7, 5),
	(519, 'vale transporte e salário', 37.7, 98.86, '2020-09-03', 96, 4),
	(520, 'Alimentação', 56.44, 41.16, '2002-09-23', 41, 2),
	(521, 'Alimentação', 37.77, 10.09, '2011-05-31', 9, 5),
	(522, 'Alimentação', 69.26, 53.34, '2016-08-11', 25, 3),
	(523, 'vale transporte e salário', 78.37, 3.37, '2014-05-15', 67, 7),
	(524, 'vale transporte e salário', 78.84, 6.47, '2016-03-13', 1, 7),
	(525, 'vale transporte e salário', 9.35, 24.53, '2016-08-10', 82, 14),
	(526, 'Alimentação', 12.42, 15.62, '1998-03-15', 23, 6),
	(527, 'Alimentação', 30.97, 35.97, '2004-12-08', 94, 10),
	(528, 'vale transporte e salário', 45.82, 11.74, '2021-05-22', 88, 12),
	(529, 'vale transporte e salário', 35.84, 41, '1999-07-12', 39, 5),
	(530, 'vale transporte e salário', 63.06, 16.11, '2016-04-21', 36, 1),
	(531, 'vale transporte e salário', 57.21, 31.2, '2002-11-14', 85, 5),
	(532, 'vale transporte e salário', 74.41, 40.38, '2005-08-07', 6, 1),
	(533, 'vale transporte e salário', 30.27, 7.11, '1998-10-06', 77, 14),
	(534, 'Alimentação', 34.42, 87.58, '2022-04-08', 62, 15),
	(535, 'vale transporte e salário', 72.41, 60.2, '2020-07-06', 47, 8),
	(536, 'Alimentação', 84.54, 16.63, '2017-07-17', 41, 3),
	(537, 'vale transporte e salário', 81.09, 92.75, '2000-05-19', 53, 10),
	(538, 'Alimentação', 58.44, 82.01, '2003-07-24', 23, 8),
	(539, 'Alimentação', 34.73, 41.03, '2006-05-11', 71, 6),
	(540, 'vale transporte e salário', 52.23, 86.45, '2015-03-27', 87, 1),
	(541, 'Alimentação', 69.84, 89.74, '2015-07-15', 90, 2),
	(542, 'vale transporte e salário', 51.97, 44.61, '2024-04-13', 3, 5),
	(543, 'Alimentação', 64.01, 95.21, '2009-12-20', 45, 5),
	(544, 'vale transporte e salário', 36.03, 30.99, '2001-06-23', 13, 2),
	(545, 'vale transporte e salário', 21.27, 97.51, '2010-09-20', 77, 4),
	(546, 'Alimentação', 97.9, 54.08, '2021-04-22', 6, 7),
	(547, 'Alimentação', 10.4, 58.08, '2007-01-25', 75, 4),
	(548, 'vale transporte e salário', 36.79, 28.35, '2013-10-11', 17, 12),
	(549, 'vale transporte e salário', 57.63, 51.22, '2012-12-17', 60, 10),
	(550, 'Alimentação', 79.58, 15.21, '2005-03-08', 42, 12),
	(551, 'Alimentação', 19, 18.29, '2007-08-11', 91, 11),
	(552, 'vale transporte e salário', 42.41, 77.44, '2001-04-22', 66, 3),
	(553, 'Alimentação', 76.84, 37.99, '2016-03-05', 97, 8),
	(554, 'vale transporte e salário', 76.35, 29.19, '1997-03-01', 68, 3),
	(555, 'Alimentação', 67.08, 43.62, '2016-02-16', 27, 4),
	(556, 'vale transporte e salário', 74.99, 77.24, '1995-12-17', 40, 4),
	(557, 'vale transporte e salário', 99.34, 63.45, '2024-08-02', 7, 1),
	(558, 'vale transporte e salário', 55.57, 93.04, '2012-01-26', 38, 7),
	(559, 'vale transporte e salário', 56.78, 58.09, '2020-05-07', 37, 3),
	(560, 'Alimentação', 18.45, 76.87, '1997-11-16', 66, 8),
	(561, 'vale transporte e salário', 75.08, 72.98, '2003-09-13', 8, 15),
	(562, 'Alimentação', 4.04, 19.29, '2009-07-31', 44, 3),
	(563, 'vale transporte e salário', 15.97, 72.25, '2015-09-19', 11, 8),
	(564, 'Alimentação', 21.37, 48.23, '2016-12-23', 81, 7),
	(565, 'vale transporte e salário', 5.81, 19.26, '2016-06-12', 39, 2),
	(566, 'Alimentação', 27.44, 15.56, '2020-03-02', 10, 4),
	(567, 'vale transporte e salário', 86.01, 75.43, '2014-11-14', 39, 12),
	(568, 'Alimentação', 77.34, 93.86, '2004-03-08', 32, 9),
	(569, 'vale transporte e salário', 2.17, 71, '2018-12-11', 72, 11),
	(570, 'Alimentação', 19.04, 27.16, '2012-08-14', 17, 12),
	(571, 'vale transporte e salário', 65.33, 93.51, '2025-04-10', 12, 13),
	(572, 'vale transporte e salário', 55.13, 44.99, '2015-06-30', 98, 1),
	(573, 'vale transporte e salário', 9.4, 18.18, '2005-08-27', 8, 15),
	(574, 'vale transporte e salário', 49.97, 55.1, '2024-06-08', 96, 2),
	(576, 'Alimentação', 6.4, 67.28, '2000-06-23', 94, 2),
	(577, 'Alimentação', 83.6, 87.89, '2018-08-04', 76, 3),
	(578, 'vale transporte e salário', 31.51, 43.08, '2012-06-30', 50, 8),
	(579, 'Alimentação', 38.12, 52.55, '2009-06-28', 71, 7),
	(580, 'vale transporte e salário', 36.94, 42.74, '2025-07-08', 40, 9),
	(581, 'Alimentação', 14.31, 29.49, '2020-12-11', 52, 4),
	(582, 'vale transporte e salário', 50.7, 62.08, '1997-08-05', 46, 8),
	(583, 'Alimentação', 82.87, 31.61, '2021-02-27', 96, 3),
	(584, 'vale transporte e salário', 10.27, 44.42, '2024-12-17', 36, 12),
	(585, 'vale transporte e salário', 3.91, 28.72, '2019-01-28', 91, 11),
	(586, 'Alimentação', 25.44, 70.37, '1996-07-07', 44, 15),
	(587, 'Alimentação', 93.06, 6.94, '2013-03-28', 22, 4),
	(588, 'vale transporte e salário', 62.64, 7.12, '1997-04-29', 44, 4),
	(589, 'vale transporte e salário', 57.02, 24.76, '2014-10-14', 53, 4),
	(590, 'Alimentação', 6.18, 99.04, '2023-09-29', 9, 11),
	(591, 'Alimentação', 57.06, 31.04, '2002-04-15', 7, 15),
	(592, 'Alimentação', 80.15, 73.2, '2008-11-28', 99, 14),
	(593, 'Alimentação', 42.92, 85.65, '2004-09-15', 63, 14),
	(594, 'Alimentação', 74.13, 80.62, '2023-11-04', 49, 8),
	(595, 'vale transporte e salário', 46.38, 5.33, '2010-06-30', 17, 11),
	(596, 'vale transporte e salário', 4.8, 60.18, '1999-09-24', 99, 5),
	(597, 'Alimentação', 23, 18.58, '2000-09-13', 48, 1),
	(598, 'vale transporte e salário', 91.85, 41.93, '1998-11-15', 91, 4),
	(599, 'Alimentação', 97.18, 31.86, '2002-03-05', 25, 11),
	(600, 'Alimentação', 58.72, 21.62, '2021-06-17', 32, 2),
	(601, 'Alimentação', 16.57, 21.88, '1999-08-08', 14, 14),
	(602, 'vale transporte e salário', 57.95, 76.57, '2013-11-20', 48, 13),
	(603, 'vale transporte e salário', 63.05, 99.68, '2006-09-01', 1, 6),
	(604, 'Alimentação', 60.2, 17.43, '2004-11-19', 99, 8),
	(605, 'Alimentação', 39.07, 28.34, '1998-07-24', 18, 4),
	(606, 'vale transporte e salário', 87.42, 34.39, '2022-04-18', 45, 8),
	(608, 'Alimentação', 22.48, 15.02, '1996-04-10', 33, 3),
	(609, 'Alimentação', 70.92, 11.46, '2001-07-29', 62, 12),
	(610, 'vale transporte e salário', 96.81, 96.6, '2012-10-26', 86, 10),
	(611, 'vale transporte e salário', 5.58, 12.86, '2007-08-26', 8, 10),
	(612, 'vale transporte e salário', 10.82, 76.26, '2016-08-13', 96, 7),
	(613, 'vale transporte e salário', 90.26, 48.57, '2022-08-15', 24, 8),
	(614, 'Alimentação', 23.05, 30.78, '2015-07-24', 73, 14),
	(615, 'vale transporte e salário', 8.94, 40.58, '2008-05-07', 59, 1),
	(616, 'Alimentação', 33.47, 70.47, '2010-07-03', 87, 11),
	(617, 'vale transporte e salário', 26.45, 26.77, '2018-12-05', 19, 9),
	(618, 'Alimentação', 66.96, 6.51, '2011-05-16', 75, 7),
	(619, 'Alimentação', 32.12, 80.81, '1998-09-23', 24, 2),
	(620, 'Alimentação', 88.81, 44.48, '2003-07-08', 82, 8),
	(621, 'vale transporte e salário', 54.17, 18.27, '2013-07-04', 16, 7),
	(622, 'Alimentação', 70.77, 21.17, '2000-02-23', 9, 6),
	(623, 'Alimentação', 33.72, 65.73, '2016-04-09', 50, 13),
	(624, 'vale transporte e salário', 10.02, 60.07, '2022-05-25', 41, 8),
	(625, 'Alimentação', 17.18, 86.13, '2002-12-21', 45, 7),
	(626, 'vale transporte e salário', 60.95, 78.87, '2007-03-20', 55, 1),
	(627, 'vale transporte e salário', 24.13, 87.84, '2007-01-18', 64, 1),
	(628, 'vale transporte e salário', 20.04, 79.27, '2022-01-24', 55, 10),
	(629, 'vale transporte e salário', 98.75, 40.45, '2021-12-09', 51, 7),
	(630, 'vale transporte e salário', 36.29, 26.22, '2013-11-17', 59, 5),
	(631, 'vale transporte e salário', 59.47, 54.61, '2014-03-22', 70, 12),
	(632, 'Alimentação', 77.67, 24.8, '2000-08-24', 15, 11),
	(633, 'vale transporte e salário', 64.69, 63.27, '1998-03-24', 17, 10),
	(634, 'vale transporte e salário', 15.36, 93.39, '2025-07-21', 100, 12),
	(635, 'Alimentação', 2.51, 33.04, '2008-03-12', 19, 1),
	(636, 'Alimentação', 69.92, 76.51, '2013-03-17', 38, 8),
	(637, 'vale transporte e salário', 56.57, 52.85, '2017-03-19', 63, 10),
	(638, 'vale transporte e salário', 66.05, 43.8, '2003-11-02', 80, 5),
	(639, 'vale transporte e salário', 37.7, 55.5, '2006-04-22', 62, 7),
	(640, 'vale transporte e salário', 40.17, 48.53, '2017-07-22', 93, 15),
	(641, 'Alimentação', 43.51, 79.56, '2015-07-29', 12, 2),
	(642, 'Alimentação', 71.07, 43.36, '2020-06-10', 70, 6),
	(643, 'Alimentação', 98.59, 45.83, '2018-11-17', 99, 5),
	(644, 'vale transporte e salário', 4.15, 5.51, '2007-10-03', 4, 6),
	(645, 'Alimentação', 24.19, 22.29, '2004-01-22', 3, 9),
	(646, 'vale transporte e salário', 38.97, 4.42, '2024-10-26', 81, 13),
	(647, 'vale transporte e salário', 83.45, 42.78, '1998-01-14', 4, 15),
	(648, 'vale transporte e salário', 11.57, 4.51, '2010-08-11', 21, 12),
	(649, 'vale transporte e salário', 98.03, 73.75, '2000-04-09', 25, 2),
	(650, 'Alimentação', 77.01, 91.69, '2003-10-03', 56, 5),
	(651, 'vale transporte e salário', 15.5, 56.98, '2000-05-07', 95, 11),
	(652, 'Alimentação', 72.31, 12.94, '2003-01-02', 36, 3),
	(653, 'Alimentação', 41.84, 78.88, '2001-04-14', 33, 14),
	(654, 'vale transporte e salário', 14.07, 25.9, '2008-07-11', 42, 11),
	(655, 'Alimentação', 25.4, 32.46, '2010-01-29', 47, 7),
	(656, 'vale transporte e salário', 93.76, 29.06, '2005-12-03', 91, 5),
	(657, 'Alimentação', 21.9, 16.82, '2003-07-08', 61, 5),
	(658, 'Alimentação', 18.72, 21.23, '2018-10-21', 59, 15),
	(659, 'vale transporte e salário', 68.53, 3.44, '2007-03-18', 12, 7),
	(660, 'Alimentação', 51.04, 41.41, '1997-06-03', 81, 12),
	(661, 'Alimentação', 76.75, 69.58, '2010-11-22', 53, 14),
	(662, 'vale transporte e salário', 57.99, 96.82, '2012-05-30', 89, 12),
	(663, 'vale transporte e salário', 14.93, 62.53, '2012-12-16', 64, 4),
	(664, 'vale transporte e salário', 57.08, 87.59, '2000-05-25', 16, 4),
	(665, 'vale transporte e salário', 74.38, 4.86, '2010-03-14', 81, 8),
	(666, 'Alimentação', 67.47, 63.34, '2013-06-15', 86, 9),
	(667, 'Alimentação', 11.64, 16.83, '2009-04-17', 29, 13),
	(668, 'vale transporte e salário', 36.66, 9.05, '2006-05-02', 24, 9),
	(669, 'Alimentação', 24.33, 6.01, '2002-04-27', 22, 10),
	(670, 'vale transporte e salário', 44.62, 89.55, '2003-08-06', 58, 15),
	(671, 'Alimentação', 90.61, 73.15, '2005-07-20', 36, 11),
	(672, 'Alimentação', 50.62, 96.51, '2006-03-03', 51, 2),
	(673, 'vale transporte e salário', 35.25, 78.79, '2023-09-29', 53, 4),
	(674, 'vale transporte e salário', 99.6, 65.95, '2000-08-21', 70, 13),
	(675, 'Alimentação', 83.43, 4.89, '2000-03-19', 90, 14),
	(676, 'vale transporte e salário', 21.07, 27.44, '2015-12-27', 76, 15),
	(677, 'Alimentação', 98.07, 63.08, '2018-09-26', 23, 4),
	(678, 'vale transporte e salário', 59.81, 24.37, '2024-07-01', 59, 11),
	(679, 'vale transporte e salário', 60.91, 32.43, '2014-12-17', 86, 7),
	(680, 'Alimentação', 70.69, 73.76, '2024-06-24', 75, 1),
	(681, 'Alimentação', 81.16, 94.5, '2011-05-25', 51, 2),
	(682, 'vale transporte e salário', 49.77, 53.67, '2019-10-13', 45, 6),
	(683, 'Alimentação', 6.83, 42.24, '2011-08-31', 70, 7),
	(684, 'vale transporte e salário', 32.71, 70.89, '2005-03-31', 35, 15),
	(685, 'vale transporte e salário', 36.72, 37.63, '2013-06-07', 93, 14),
	(686, 'vale transporte e salário', 6.04, 75.59, '1996-06-29', 80, 9),
	(687, 'vale transporte e salário', 9.91, 74.36, '2006-06-17', 83, 7),
	(689, 'Alimentação', 63.6, 99.68, '2021-07-21', 75, 13),
	(690, 'vale transporte e salário', 6.76, 11.93, '1998-10-05', 93, 2),
	(691, 'vale transporte e salário', 44.14, 49.85, '2021-01-08', 34, 13),
	(692, 'Alimentação', 12.76, 61.93, '2010-10-06', 84, 6),
	(693, 'vale transporte e salário', 49.88, 14.09, '2024-03-30', 21, 6),
	(694, 'vale transporte e salário', 8.43, 49.78, '2001-08-12', 85, 1),
	(695, 'vale transporte e salário', 22.96, 18.47, '1998-03-21', 81, 9),
	(696, 'Alimentação', 71.28, 57.15, '2025-04-07', 40, 3),
	(697, 'Alimentação', 69.44, 20.52, '2014-08-07', 75, 12),
	(698, 'vale transporte e salário', 8.73, 51.7, '2003-02-11', 81, 5),
	(699, 'vale transporte e salário', 40.99, 63.6, '2007-03-28', 62, 13),
	(700, 'Alimentação', 40.34, 97.97, '2007-03-18', 57, 1),
	(701, 'vale transporte e salário', 31.31, 4.46, '2007-06-16', 96, 5),
	(702, 'vale transporte e salário', 77.41, 74.04, '2019-10-11', 47, 4),
	(703, 'Alimentação', 61.18, 37.93, '2020-06-11', 2, 1),
	(704, 'vale transporte e salário', 2.51, 97.3, '2020-07-21', 20, 3),
	(705, 'Alimentação', 97.98, 97.94, '2020-12-14', 32, 1),
	(706, 'vale transporte e salário', 83.93, 94.96, '2003-07-15', 48, 12),
	(707, 'Alimentação', 51.59, 69.16, '2007-07-02', 47, 11),
	(708, 'vale transporte e salário', 76.68, 38.9, '1996-02-06', 49, 5),
	(709, 'Alimentação', 62.54, 29.47, '2014-04-05', 21, 11),
	(710, 'vale transporte e salário', 37.55, 29.09, '2004-02-08', 10, 13),
	(711, 'vale transporte e salário', 71.04, 75.32, '2004-12-26', 43, 11),
	(712, 'vale transporte e salário', 90.18, 83.03, '1997-06-13', 30, 15),
	(713, 'Alimentação', 89.17, 60.6, '2007-08-24', 28, 4),
	(714, 'Alimentação', 80.79, 13.53, '1996-10-08', 99, 11),
	(715, 'Alimentação', 29.81, 43.27, '2015-11-14', 62, 8),
	(716, 'Alimentação', 92.51, 87.26, '2013-10-19', 17, 1),
	(717, 'Alimentação', 45.12, 69.19, '2004-05-26', 27, 12),
	(718, 'vale transporte e salário', 26.46, 14.31, '2004-03-01', 98, 2),
	(719, 'vale transporte e salário', 61.22, 45.18, '2005-04-02', 86, 1),
	(720, 'vale transporte e salário', 27.67, 95.87, '2024-11-09', 30, 14),
	(721, 'vale transporte e salário', 21.02, 39.05, '2020-01-29', 11, 11),
	(722, 'vale transporte e salário', 7.27, 60.6, '2004-12-02', 62, 15),
	(723, 'Alimentação', 69.75, 17.49, '2024-11-06', 36, 12),
	(724, 'Alimentação', 98.15, 2, '2010-06-18', 71, 11),
	(725, 'Alimentação', 78.59, 94.44, '2005-12-18', 26, 3),
	(726, 'vale transporte e salário', 93.49, 45.52, '2008-06-12', 53, 15),
	(727, 'Alimentação', 3.66, 80.43, '2024-08-08', 69, 9),
	(728, 'Alimentação', 76.03, 45.54, '2005-05-17', 99, 3),
	(729, 'vale transporte e salário', 41.11, 50.62, '2019-08-06', 3, 4),
	(730, 'vale transporte e salário', 26.02, 42.28, '2003-09-23', 60, 5),
	(731, 'vale transporte e salário', 77.35, 98.5, '2006-07-16', 18, 13),
	(732, 'vale transporte e salário', 30.75, 82.14, '2006-12-10', 60, 6),
	(733, 'Alimentação', 96.96, 17.2, '2018-02-28', 80, 15),
	(734, 'vale transporte e salário', 18.25, 81.53, '2003-07-30', 48, 12),
	(735, 'vale transporte e salário', 30.48, 34.29, '2019-02-17', 94, 10),
	(736, 'vale transporte e salário', 50.44, 70.25, '2021-01-22', 57, 12),
	(737, 'Alimentação', 50.04, 12.77, '2013-05-20', 55, 5),
	(738, 'Alimentação', 26.36, 72.16, '2023-08-16', 92, 7),
	(739, 'vale transporte e salário', 78.36, 14.98, '1998-01-04', 100, 4),
	(740, 'vale transporte e salário', 30.13, 5.15, '2016-08-21', 64, 5),
	(741, 'vale transporte e salário', 82.96, 7.74, '2013-01-29', 89, 3),
	(742, 'vale transporte e salário', 17.27, 10.89, '2002-05-24', 30, 15),
	(743, 'Alimentação', 81.22, 5.5, '2014-07-13', 80, 5),
	(744, 'vale transporte e salário', 67.3, 64.03, '2017-03-10', 78, 4),
	(745, 'vale transporte e salário', 14.4, 19.82, '2006-09-07', 12, 8),
	(746, 'Alimentação', 4.04, 25.68, '2013-01-30', 37, 7),
	(747, 'Alimentação', 54.39, 36.44, '2005-02-12', 7, 4),
	(748, 'Alimentação', 73.63, 34.74, '2022-06-19', 21, 5),
	(749, 'vale transporte e salário', 49.09, 38.26, '2018-12-26', 48, 11),
	(750, 'Alimentação', 41.19, 39.85, '2015-10-07', 83, 2),
	(751, 'Alimentação', 6.02, 91.65, '2019-07-23', 36, 4),
	(752, 'Alimentação', 98.12, 74.77, '1997-08-10', 76, 7),
	(753, 'vale transporte e salário', 86.38, 26.52, '2024-11-15', 8, 3),
	(754, 'Alimentação', 81.74, 36.83, '2021-07-05', 51, 14),
	(755, 'Alimentação', 27.62, 56.99, '2016-10-11', 83, 3),
	(756, 'Alimentação', 41.44, 40, '2004-08-18', 37, 7),
	(757, 'Alimentação', 51.05, 9.96, '2020-06-13', 98, 14),
	(758, 'Alimentação', 90.09, 25.59, '2013-07-04', 72, 13),
	(759, 'Alimentação', 41, 33.45, '2018-04-19', 72, 4),
	(760, 'Alimentação', 78.81, 47.88, '2016-11-06', 20, 14),
	(761, 'Alimentação', 62.46, 10, '2013-10-17', 74, 2),
	(762, 'vale transporte e salário', 16.34, 29.72, '2020-08-05', 43, 8),
	(763, 'vale transporte e salário', 39.94, 16.76, '2001-07-05', 10, 1),
	(764, 'vale transporte e salário', 92.85, 61.91, '2002-02-09', 11, 14),
	(765, 'vale transporte e salário', 22.04, 73.96, '2024-07-22', 58, 11),
	(766, 'vale transporte e salário', 58.62, 42.73, '2007-05-20', 92, 14),
	(767, 'vale transporte e salário', 85.18, 53.62, '2000-08-02', 59, 6),
	(768, 'Alimentação', 82.65, 22.93, '2000-12-11', 88, 3),
	(769, 'vale transporte e salário', 78.77, 13.15, '2005-07-07', 79, 5),
	(770, 'Alimentação', 10.22, 31.31, '2000-04-24', 10, 5),
	(771, 'vale transporte e salário', 88.07, 30.27, '2018-10-07', 64, 13),
	(772, 'Alimentação', 29, 48.12, '2013-09-02', 21, 13),
	(773, 'Alimentação', 66.77, 93.1, '2021-12-18', 76, 7),
	(774, 'vale transporte e salário', 80.73, 85.77, '2019-04-04', 28, 9),
	(775, 'Alimentação', 20.64, 82.9, '2013-04-16', 26, 8),
	(776, 'Alimentação', 89.57, 83.45, '2010-02-17', 4, 9),
	(777, 'vale transporte e salário', 74.66, 43.41, '2000-07-02', 49, 6),
	(778, 'Alimentação', 62.76, 14.23, '2005-06-11', 63, 15),
	(779, 'vale transporte e salário', 4.27, 75.72, '2025-06-29', 49, 2),
	(780, 'vale transporte e salário', 7.28, 21.99, '2006-07-10', 75, 10),
	(781, 'vale transporte e salário', 37.94, 87.16, '2020-06-07', 39, 8),
	(783, 'Alimentação', 87.13, 33, '2018-04-04', 79, 8),
	(784, 'vale transporte e salário', 47.91, 91.99, '1997-07-05', 63, 4),
	(785, 'Alimentação', 89.25, 37.7, '2000-09-08', 80, 10),
	(786, 'vale transporte e salário', 52.05, 79.44, '1999-03-30', 1, 4),
	(787, 'Alimentação', 61.1, 10.38, '2008-02-20', 34, 10),
	(788, 'Alimentação', 72.29, 31.57, '2020-02-11', 76, 1),
	(789, 'Alimentação', 17.59, 38.32, '2001-07-15', 50, 3),
	(790, 'vale transporte e salário', 70.94, 59.5, '2025-06-08', 21, 2),
	(791, 'vale transporte e salário', 90.66, 93.85, '1999-10-13', 11, 13),
	(792, 'Alimentação', 14.85, 33.81, '2010-01-29', 6, 3),
	(793, 'vale transporte e salário', 96.8, 22.51, '2020-02-26', 85, 1),
	(794, 'Alimentação', 23.19, 76.31, '2004-05-29', 13, 15),
	(795, 'Alimentação', 11.7, 16.82, '2012-02-12', 18, 3),
	(796, 'Alimentação', 20.73, 55.61, '2018-12-26', 7, 10),
	(797, 'vale transporte e salário', 98.17, 19.7, '2016-12-15', 86, 6),
	(798, 'vale transporte e salário', 21.74, 78.35, '1997-12-30', 80, 7),
	(799, 'Alimentação', 68.71, 77.49, '2024-07-30', 93, 13),
	(800, 'Alimentação', 83.33, 72.51, '2015-07-26', 67, 10),
	(801, 'Alimentação', 37.36, 61.12, '2011-07-19', 28, 9),
	(802, 'Alimentação', 90.5, 82.54, '2010-05-31', 78, 11),
	(803, 'vale transporte e salário', 22.21, 4.42, '2010-08-22', 6, 3),
	(804, 'vale transporte e salário', 66.07, 76.86, '2009-02-19', 53, 13),
	(805, 'vale transporte e salário', 61.55, 6.87, '2018-01-03', 95, 1),
	(806, 'vale transporte e salário', 12.81, 4.96, '2012-08-20', 61, 8),
	(807, 'vale transporte e salário', 98.81, 90.63, '1999-02-02', 75, 3),
	(808, 'vale transporte e salário', 15.67, 72.46, '2017-10-28', 88, 1),
	(809, 'vale transporte e salário', 22.38, 58.5, '2005-05-07', 33, 7),
	(810, 'Alimentação', 51.23, 7.28, '2023-05-03', 55, 1),
	(811, 'vale transporte e salário', 56.59, 22.5, '2015-11-26', 31, 1),
	(812, 'Alimentação', 55.97, 82.38, '2012-08-31', 61, 3),
	(813, 'vale transporte e salário', 6.52, 17.8, '2003-05-16', 83, 5),
	(814, 'Alimentação', 61.3, 66.26, '2006-11-22', 31, 3),
	(815, 'Alimentação', 56.55, 4.2, '2001-11-20', 95, 12),
	(816, 'vale transporte e salário', 72.61, 4.39, '2010-03-26', 99, 7),
	(817, 'vale transporte e salário', 6.49, 75.42, '2022-07-28', 69, 9),
	(818, 'Alimentação', 88.86, 3.36, '2007-08-22', 66, 6),
	(819, 'Alimentação', 46.04, 67.67, '2017-12-07', 51, 13),
	(820, 'vale transporte e salário', 9.49, 68, '2024-04-12', 33, 15),
	(821, 'Alimentação', 79.62, 8.83, '2013-04-05', 29, 10),
	(822, 'Alimentação', 22.63, 50.97, '2023-10-10', 49, 1),
	(823, 'Alimentação', 78.25, 55.49, '1997-09-19', 68, 5),
	(824, 'vale transporte e salário', 12.6, 44.22, '1999-08-07', 91, 9),
	(825, 'Alimentação', 73.96, 28.73, '2012-05-19', 87, 13),
	(826, 'vale transporte e salário', 19.4, 53.2, '2004-04-21', 73, 4),
	(827, 'Alimentação', 50.13, 39.65, '2011-06-29', 8, 2),
	(828, 'vale transporte e salário', 4.04, 95.2, '2011-06-03', 83, 5),
	(829, 'Alimentação', 17.28, 96.48, '2008-04-30', 58, 14),
	(830, 'Alimentação', 21.19, 8.8, '2018-02-11', 24, 2),
	(831, 'vale transporte e salário', 22.39, 81.05, '2019-09-26', 33, 9),
	(832, 'Alimentação', 79.37, 84.78, '2003-06-13', 91, 14),
	(833, 'Alimentação', 27.31, 47.94, '2024-06-02', 28, 1),
	(834, 'Alimentação', 70.37, 64.92, '2016-06-09', 16, 4),
	(835, 'vale transporte e salário', 57.37, 58.54, '2004-10-26', 74, 14),
	(836, 'vale transporte e salário', 13.35, 89.83, '2013-10-17', 92, 14),
	(837, 'Alimentação', 26.24, 55.9, '2004-06-28', 93, 4),
	(838, 'vale transporte e salário', 93.54, 87.43, '2025-04-22', 59, 9),
	(839, 'vale transporte e salário', 12.8, 87.61, '1995-11-03', 42, 3),
	(840, 'vale transporte e salário', 8.3, 13.39, '2007-04-17', 55, 3),
	(841, 'Alimentação', 46.38, 26.36, '2011-01-19', 29, 13),
	(842, 'vale transporte e salário', 58.82, 52.81, '2002-09-20', 25, 4),
	(843, 'vale transporte e salário', 89.29, 62.44, '2011-09-11', 74, 3),
	(844, 'vale transporte e salário', 48.94, 53.82, '1999-03-20', 67, 14),
	(845, 'vale transporte e salário', 64.84, 28.29, '2025-06-07', 28, 15),
	(846, 'Alimentação', 20.44, 94.64, '2022-03-08', 16, 8),
	(847, 'vale transporte e salário', 13.24, 39.34, '2022-02-26', 75, 2),
	(848, 'Alimentação', 27.27, 47.49, '2002-01-19', 53, 14),
	(849, 'vale transporte e salário', 35.01, 54.07, '2024-07-27', 37, 14),
	(850, 'Alimentação', 9.46, 44.96, '2022-06-16', 63, 11),
	(851, 'vale transporte e salário', 62.07, 21.85, '1996-04-30', 93, 6),
	(852, 'vale transporte e salário', 2.46, 65.64, '2012-09-09', 2, 11),
	(853, 'vale transporte e salário', 6.83, 94.4, '2002-06-16', 45, 2),
	(854, 'vale transporte e salário', 8.91, 77.09, '2019-10-09', 70, 8),
	(855, 'Alimentação', 38.95, 70.71, '2001-01-20', 98, 9),
	(856, 'vale transporte e salário', 72.95, 89.62, '2019-01-18', 8, 13),
	(857, 'Alimentação', 62.85, 23.83, '2001-10-11', 31, 12),
	(858, 'vale transporte e salário', 38.71, 79.44, '2003-07-10', 45, 13),
	(859, 'vale transporte e salário', 93.15, 3.87, '2006-06-18', 99, 3),
	(860, 'Alimentação', 74.61, 85.86, '2020-04-25', 30, 14),
	(861, 'vale transporte e salário', 66.68, 22.4, '2005-08-16', 32, 9),
	(862, 'vale transporte e salário', 17.58, 72.9, '2004-01-05', 65, 1),
	(863, 'vale transporte e salário', 13.09, 64.32, '2000-05-11', 31, 3),
	(864, 'Alimentação', 63.99, 89.43, '2013-08-30', 55, 3),
	(865, 'Alimentação', 45.35, 49.01, '2022-08-16', 31, 7),
	(866, 'vale transporte e salário', 64.81, 99.42, '2007-09-13', 92, 12),
	(867, 'vale transporte e salário', 46.49, 71.2, '2009-05-23', 9, 1),
	(868, 'vale transporte e salário', 15.64, 70.59, '1997-05-01', 59, 15),
	(869, 'Alimentação', 71.13, 24.88, '2013-05-19', 73, 13),
	(870, 'Alimentação', 67.28, 89.8, '2005-06-23', 88, 13),
	(871, 'vale transporte e salário', 33.48, 45.75, '1997-01-27', 97, 12),
	(872, 'vale transporte e salário', 62.83, 92.57, '2023-07-15', 38, 9),
	(873, 'vale transporte e salário', 8.33, 81.04, '2008-07-18', 18, 12),
	(874, 'vale transporte e salário', 55.47, 87.33, '2022-10-16', 66, 5),
	(875, 'Alimentação', 9.62, 58.93, '2007-04-28', 29, 4),
	(876, 'vale transporte e salário', 46.83, 12.9, '2003-10-31', 21, 15),
	(877, 'vale transporte e salário', 29.31, 19.34, '2014-04-27', 92, 15),
	(878, 'Alimentação', 82.1, 47.41, '2011-06-18', 34, 9),
	(879, 'Alimentação', 36.02, 63.44, '1995-10-13', 29, 5),
	(880, 'vale transporte e salário', 72.2, 61.48, '2006-12-15', 75, 3),
	(881, 'Alimentação', 55.72, 19.56, '2012-05-07', 99, 5),
	(882, 'vale transporte e salário', 95.42, 48.99, '2016-07-10', 9, 14),
	(883, 'Alimentação', 9.02, 35.59, '1999-06-12', 33, 8),
	(884, 'Alimentação', 80.22, 23.47, '2021-07-21', 81, 10),
	(885, 'Alimentação', 3.13, 49.36, '2023-05-19', 43, 4),
	(886, 'Alimentação', 56.06, 6.04, '2007-06-06', 69, 1),
	(887, 'vale transporte e salário', 32.49, 44.96, '2023-01-01', 89, 6),
	(888, 'Alimentação', 60.18, 2.05, '2014-05-03', 86, 4),
	(889, 'vale transporte e salário', 74.31, 99.7, '2016-08-16', 35, 13),
	(890, 'Alimentação', 24.99, 82.17, '2013-04-13', 72, 13),
	(891, 'vale transporte e salário', 20.62, 18.45, '2010-06-27', 44, 13),
	(892, 'vale transporte e salário', 73.63, 75.53, '2003-11-25', 58, 14),
	(893, 'Alimentação', 69.66, 61.98, '2000-05-15', 47, 6),
	(894, 'Alimentação', 46.64, 5.58, '2006-07-06', 10, 5),
	(895, 'vale transporte e salário', 64.83, 32.53, '2014-01-13', 21, 14),
	(896, 'Alimentação', 5.33, 61.88, '2024-09-09', 26, 1),
	(897, 'Alimentação', 81.53, 41.72, '2017-04-10', 50, 10),
	(898, 'Alimentação', 79.39, 8.86, '2015-02-05', 1, 2),
	(899, 'Alimentação', 52.09, 77.7, '2018-08-06', 2, 7),
	(900, 'vale transporte e salário', 2.81, 16.24, '2015-09-20', 30, 14),
	(901, 'vale transporte e salário', 34.67, 85.67, '2021-10-16', 1, 8),
	(902, 'vale transporte e salário', 64.6, 71.78, '2022-04-20', 90, 11),
	(903, 'Alimentação', 36.22, 69.54, '2020-01-12', 87, 14),
	(904, 'vale transporte e salário', 73.71, 63.64, '2008-04-19', 75, 10),
	(905, 'vale transporte e salário', 29.12, 31.87, '2002-05-18', 75, 8),
	(906, 'Alimentação', 51.65, 48.38, '1997-12-06', 74, 9),
	(907, 'Alimentação', 62.59, 44.86, '2021-11-17', 18, 9),
	(908, 'vale transporte e salário', 41.01, 52.52, '2015-09-14', 17, 15),
	(909, 'vale transporte e salário', 30.39, 89.44, '2009-12-01', 83, 15),
	(910, 'vale transporte e salário', 38.06, 68.06, '2014-03-15', 41, 1),
	(911, 'Alimentação', 54.32, 10.11, '2017-04-06', 60, 2),
	(912, 'vale transporte e salário', 4.02, 8.93, '2024-10-26', 93, 14),
	(913, 'vale transporte e salário', 47.02, 91.07, '1996-11-19', 8, 10),
	(914, 'Alimentação', 24.46, 58.8, '2012-07-22', 57, 15),
	(915, 'vale transporte e salário', 27.47, 78.74, '2014-09-04', 12, 10),
	(916, 'vale transporte e salário', 47.62, 80.56, '2009-04-08', 10, 11),
	(917, 'vale transporte e salário', 99.52, 24.93, '2009-10-02', 100, 15),
	(918, 'vale transporte e salário', 30.63, 23.81, '2019-10-06', 29, 15),
	(919, 'Alimentação', 7.57, 79, '1996-04-26', 22, 10),
	(920, 'Alimentação', 53.73, 66.93, '1997-04-11', 75, 1),
	(921, 'vale transporte e salário', 90.05, 36.26, '2024-09-01', 57, 9),
	(922, 'Alimentação', 77.36, 73.4, '2024-05-12', 74, 2),
	(923, 'Alimentação', 93.54, 56.31, '2000-06-05', 64, 2),
	(924, 'Alimentação', 82.38, 67.73, '2003-10-28', 9, 9),
	(925, 'vale transporte e salário', 23.84, 20.18, '2007-12-25', 56, 9),
	(926, 'vale transporte e salário', 98.36, 33.91, '2025-08-22', 63, 1),
	(927, 'Alimentação', 51.76, 85.38, '2007-11-14', 65, 13),
	(928, 'Alimentação', 69.94, 42.11, '2024-11-30', 11, 13),
	(929, 'Alimentação', 78.87, 52.48, '2006-06-10', 23, 5),
	(930, 'vale transporte e salário', 56.38, 49.01, '1997-03-30', 78, 14),
	(931, 'vale transporte e salário', 22.81, 48.41, '2020-03-23', 58, 12),
	(932, 'vale transporte e salário', 62.22, 10.33, '2008-11-06', 91, 2),
	(933, 'vale transporte e salário', 22.08, 64.7, '2008-07-28', 79, 4),
	(934, 'Alimentação', 21.11, 98.91, '2001-04-27', 34, 3),
	(935, 'vale transporte e salário', 50.84, 2.94, '2016-07-03', 22, 3),
	(936, 'vale transporte e salário', 57.4, 11.34, '2019-04-21', 64, 14),
	(937, 'Alimentação', 4.43, 2.74, '1999-01-18', 62, 13),
	(938, 'Alimentação', 9.53, 64.22, '2021-05-25', 76, 4),
	(939, 'Alimentação', 2.46, 45.59, '2009-12-04', 84, 3),
	(940, 'vale transporte e salário', 38.46, 79.84, '2015-09-12', 2, 3),
	(941, 'vale transporte e salário', 54.15, 53.99, '2013-09-28', 89, 8),
	(942, 'vale transporte e salário', 97.69, 21.52, '2014-06-15', 37, 13),
	(943, 'vale transporte e salário', 34.95, 93.94, '2002-07-31', 32, 9),
	(944, 'Alimentação', 5.6, 11.47, '1997-11-08', 16, 10),
	(945, 'Alimentação', 7.77, 69.06, '2002-12-14', 98, 2),
	(946, 'Alimentação', 83.25, 19.77, '2001-03-22', 40, 14),
	(947, 'Alimentação', 3.86, 9, '2017-12-17', 34, 13),
	(948, 'vale transporte e salário', 72.08, 20.88, '1998-09-28', 77, 12),
	(949, 'Alimentação', 15.05, 7.42, '2018-03-28', 54, 3),
	(950, 'vale transporte e salário', 56.22, 82.84, '2014-07-04', 1, 3),
	(951, 'Alimentação', 61.29, 24.86, '2022-04-20', 37, 5),
	(952, 'vale transporte e salário', 59.96, 87.66, '2011-06-28', 6, 14),
	(953, 'vale transporte e salário', 54.05, 98.09, '2020-03-24', 29, 15),
	(954, 'Alimentação', 38.24, 20.74, '2002-01-12', 3, 6),
	(955, 'Alimentação', 91.35, 79.08, '2011-12-10', 63, 8),
	(956, 'vale transporte e salário', 72.49, 63.21, '1999-09-16', 58, 2),
	(957, 'Alimentação', 54.82, 93.91, '2015-03-03', 63, 1),
	(959, 'Alimentação', 22.04, 82.61, '2001-07-24', 92, 11),
	(960, 'vale transporte e salário', 27.78, 77.42, '2015-04-07', 28, 3),
	(961, 'Alimentação', 99.28, 12.82, '1996-07-30', 84, 10),
	(962, 'Alimentação', 94.34, 51.99, '2017-02-27', 60, 6),
	(963, 'Alimentação', 91.33, 69.41, '2002-07-02', 67, 13),
	(964, 'vale transporte e salário', 95.38, 41.35, '2020-10-10', 44, 4),
	(965, 'vale transporte e salário', 65.44, 52.62, '2016-12-13', 57, 3),
	(966, 'vale transporte e salário', 21.05, 81.24, '2016-03-20', 50, 4),
	(967, 'vale transporte e salário', 66.68, 95.57, '2001-12-07', 35, 12),
	(968, 'vale transporte e salário', 91.64, 89.09, '2007-10-07', 69, 12),
	(969, 'Alimentação', 57.87, 24.45, '1997-12-13', 75, 10),
	(970, 'vale transporte e salário', 85.08, 60.05, '2021-05-26', 77, 13),
	(971, 'Alimentação', 72.36, 43.8, '2016-08-20', 60, 5),
	(972, 'vale transporte e salário', 22.26, 20.64, '1998-04-17', 16, 8),
	(973, 'Alimentação', 71.73, 57.93, '1999-04-07', 39, 12),
	(974, 'Alimentação', 56.12, 80.9, '2004-11-10', 69, 15),
	(975, 'Alimentação', 65.12, 41.62, '1999-12-26', 53, 14),
	(976, 'Alimentação', 43.28, 68.7, '2000-01-24', 39, 13),
	(977, 'Alimentação', 56.37, 13.82, '1998-06-27', 70, 6),
	(978, 'Alimentação', 6.19, 27.2, '2019-05-28', 21, 6),
	(979, 'Alimentação', 2.4, 62.08, '2021-09-06', 14, 1),
	(980, 'vale transporte e salário', 78.41, 51.13, '2015-04-01', 69, 2),
	(981, 'vale transporte e salário', 55.08, 50.38, '2021-12-27', 11, 2),
	(982, 'vale transporte e salário', 89.47, 11.86, '2021-12-19', 55, 2),
	(983, 'Alimentação', 56.36, 82.18, '2018-06-30', 94, 8),
	(984, 'vale transporte e salário', 3.9, 41.8, '2001-01-22', 8, 14),
	(985, 'vale transporte e salário', 44.24, 51.86, '2001-06-12', 58, 6),
	(986, 'vale transporte e salário', 53.76, 46.31, '2010-02-26', 82, 3),
	(987, 'Alimentação', 94.41, 64.74, '2006-09-29', 28, 4),
	(988, 'Alimentação', 4.76, 93.56, '2016-08-13', 12, 2),
	(989, 'vale transporte e salário', 92.96, 93.2, '2024-04-21', 1, 10),
	(990, 'vale transporte e salário', 35.71, 74.57, '2012-07-11', 4, 5),
	(991, 'Alimentação', 45.45, 3.96, '2014-05-22', 70, 5),
	(992, 'vale transporte e salário', 57.02, 98.62, '2001-08-31', 62, 12),
	(993, 'vale transporte e salário', 27.23, 43.97, '2024-12-26', 84, 15),
	(994, 'vale transporte e salário', 58.67, 66.86, '2001-05-11', 13, 4),
	(995, 'vale transporte e salário', 90.33, 83.69, '2004-12-14', 37, 8),
	(996, 'vale transporte e salário', 33.38, 85.69, '2020-12-15', 41, 7),
	(997, 'Alimentação', 74.67, 93.88, '2015-05-21', 59, 4),
	(998, 'vale transporte e salário', 94.85, 71.52, '2004-03-14', 58, 13),
	(999, 'vale transporte e salário', 21.32, 18.59, '2005-07-10', 28, 7),
	(1000, 'vale transporte e salário', 67.16, 26.98, '1999-04-13', 55, 4);

-- Copiando estrutura para tabela financias.login_senha
CREATE TABLE IF NOT EXISTS `login_senha` (
  `login` varchar(50) NOT NULL,
  `senha` char(10) NOT NULL
) ENGINE=InnoDB DEFAULT CHARSET=utf8mb4;

-- Copiando dados para a tabela financias.login_senha: ~0 rows (aproximadamente)
DELETE FROM `login_senha`;

-- Copiando estrutura para tabela financias.meta
CREATE TABLE IF NOT EXISTS `meta` (
  `id_meta` int(11) NOT NULL AUTO_INCREMENT,
  `nome_meta` char(50) DEFAULT NULL,
  `val_meta` varchar(20) DEFAULT NULL,
  `id_pessoa` char(50) DEFAULT NULL,
  `status` char(1) DEFAULT NULL,
  PRIMARY KEY (`id_meta`)
) ENGINE=InnoDB DEFAULT CHARSET=utf8mb4;

-- Copiando dados para a tabela financias.meta: ~0 rows (aproximadamente)
DELETE FROM `meta`;

-- Copiando estrutura para tabela financias.pessoa
CREATE TABLE IF NOT EXISTS `pessoa` (
  `id_pessoa` int(11) NOT NULL AUTO_INCREMENT,
  `nome_pessoa` varchar(9) DEFAULT NULL,
  `email` varchar(50) DEFAULT NULL,
  `senha` varchar(50) DEFAULT NULL,
  `sexo` char(1) DEFAULT NULL,
  `dt_nasc` date DEFAULT NULL,
  PRIMARY KEY (`id_pessoa`)
) ENGINE=InnoDB AUTO_INCREMENT=103 DEFAULT CHARSET=utf8mb4;

-- Copiando dados para a tabela financias.pessoa: ~106 rows (aproximadamente)
DELETE FROM `pessoa`;
INSERT INTO `pessoa` (`id_pessoa`, `nome_pessoa`, `email`, `senha`, `sexo`, `dt_nasc`) VALUES
	(1, 'Emmott Sh', 'eshepland0@sakura.ne.jp', '$2a$04$p.94Vw02M7VHNHP0M0PbwOejdIKsnWwmQezgXP7ku5t', 'F', '1994-05-19'),
	(2, 'Devin Hei', 'dheindl1@mtv.com', '$2a$04$Q/Y0vnO3q2AtSgUpC7bFMuVeZdzyfc4jYV.zQgZFWyC', 'M', '2000-08-31'),
	(3, 'Curt Spin', 'cspinas2@taobao.com', '$2a$04$ZsdqjV2umwa3EtjD5Vmh1.sEsEgfEd38Xbh89Mc6Vii', 'F', '1990-04-04'),
	(4, 'Tymon Mad', 'tmaddie3@cbslocal.com', '$2a$04$VDp1ZUBW2imw9CuNFRqw9eEKnEo1fcrdSIaeCZw2AaZ', 'M', '1987-10-24'),
	(6, 'Dur Scrag', 'dscragg5@ezinearticles.com', '$2a$04$bPh3ahlueaK4GpGLkNWuM.5fet.8wPKiLTdfGmHevNL', 'M', '1982-09-16'),
	(7, 'Goldie Ba', 'gballinger6@cnet.com', '$2a$04$7ObdY2zSV3CHe6U0WlMrT.0.rrAwCsFvIO0rtodNtFu', 'M', '2010-09-17'),
	(8, 'Laird Phi', 'lphillipson7@icio.us', '$2a$04$Ee70MqHT4HfmVyg3SH8kKeRwYwMqDFL9sFz6vpaouo9', 'F', '1981-01-05'),
	(9, 'Tomkin Su', 'tsuermeier8@ocn.ne.jp', '$2a$04$qAwN184CEKAvvgycJGnt1eKeVZbu5adhhVg9LJNi/gY', 'F', '1991-07-26'),
	(10, 'Elden Big', 'ebigland9@virginia.edu', '$2a$04$7Wc5LtGgV6VL9GXH1lrPduk8FPVd.rq24qVqXsmIr05', 'F', '2007-12-27'),
	(11, 'Theresita', 'tklempsa@stanford.edu', '$2a$04$CfcXkog9vUFc6VVtOrjf4./4kDPoDyRrq.Zy./eJZkR', 'M', '2009-11-21'),
	(12, 'Konstanti', 'ksandbachb@reference.com', '$2a$04$EqQbhr/TpkXng2Wkbi8A7OfDMis80X4MVoCUSmisx43', 'F', '1986-05-27'),
	(13, 'Goober Sa', 'gsammec@ftc.gov', '$2a$04$FzYlenPHYmWyPWjQvfdwgekrk52ajXSgJ0I2Ud2.e1M', 'M', '2022-11-27'),
	(14, 'Aurie Lay', 'alaybornd@npr.org', '$2a$04$BzmFIcH161OIgN2wlpRJuOk3al1o0pMUmeCre92UwY0', 'M', '1990-01-04'),
	(15, 'Hetty Fin', 'hfinlaisone@geocities.jp', '$2a$04$zJJHrlqtJKp29n0xu7a/kebKBY7UNvlbwt7GDAGSL9z', 'M', '2013-06-01'),
	(16, 'Annalise ', 'amorewoodf@gnu.org', '$2a$04$ukEASz655tbvcp85Lj.iAervpHEuSXJnuf5ooIraH1f', 'M', '1992-07-26'),
	(17, 'Anallese ', 'apengelleyg@ibm.com', '$2a$04$9gKEA6yqcrrQyqWXkuIZiO0vlvJJ9.Od4buNf6UiIPA', 'F', '1984-02-26'),
	(18, 'Sansone G', 'sgiberdh@europa.eu', '$2a$04$i9IBpqAknfgwIK5AUuMyheJmgmiadjR6BozUfxDdo0r', 'M', '1988-01-05'),
	(19, 'Sherrie S', 'ssearesi@nih.gov', '$2a$04$bcUayvqR10nLUOwQX19JcO1R/BLqTB6MJKOeDxgKVkh', 'F', '1987-11-15'),
	(20, 'Bartel Tr', 'btrevaskissj@1688.com', '$2a$04$KMaZWXKB8vXRiwPY94ZKNuu.c5ZA8LuzJcuhR3jxS7m', 'F', '2025-06-12'),
	(21, 'Nelia Zie', 'nziemensk@booking.com', '$2a$04$xgPpVhxc6cnNY9Q/3yVv7u0itXpMbtYIUAh9Hrl3WUk', 'F', '2018-11-20'),
	(22, 'Sunny Tis', 'stisunl@ycombinator.com', '$2a$04$7Gc0LAuHp2WchZXayVBhLuudTYEUQWW0stnioYxvs.B', 'F', '2020-01-18'),
	(23, 'Valene Co', 'vcoppockm@creativecommons.org', '$2a$04$IHNiuTHYq6x.XB5iEnULne8g74b91EK12Yeb03OiC5Y', 'M', '2018-01-03'),
	(24, 'Saul Shan', 'sshannn@rakuten.co.jp', '$2a$04$py6FwgQ1rswHKkmeS0LMTuT/HfSms0SRoUjq56.kFJd', 'F', '1986-10-24'),
	(25, 'Damara Cr', 'dcreasyo@alibaba.com', '$2a$04$VVdqS0gKBBRCUhRKMiYUbeNtnj2KVJPlljHpIl6oZrM', 'F', '2015-08-03'),
	(26, 'Bert Kili', 'bkiliusp@biglobe.ne.jp', '$2a$04$RxvtWU88pHSuLzhGABMVnu7vJvCoz8u6.ouIh1g2QBN', 'M', '1983-10-31'),
	(27, 'Tonie Poc', 'tpocockq@senate.gov', '$2a$04$VqTMKcaBaCy1CoywGBMD5.2GCeqpQffHRjJbo3GKDMk', 'M', '1988-04-17'),
	(28, 'Blaine St', 'bstrider@amazonaws.com', '$2a$04$65N1QXKDLx5ISi07ILbz0OACegAcg/ZOPnAO9WZdmJC', 'M', '2022-08-28'),
	(29, 'Mahala Ka', 'mkays@pen.io', '$2a$04$JEG5CY8/c3xq9qJgnn.GmOULCkThiegA8RY.7sfL65i', 'M', '2011-03-29'),
	(30, 'Pandora M', 'pmanharet@gmpg.org', '$2a$04$kX7o2bQWbB.Aigx28mNITeT6enlxTJ1yv3ujmvbR8F8', 'M', '2007-06-13'),
	(31, 'Mellisent', 'mburridgeu@typepad.com', '$2a$04$wO5sPTUwYvJFgyQIV6RKee1snImwrHkjJsOiEVo0h.g', 'M', '2009-10-23'),
	(32, 'Ingelbert', 'ijoslowv@yelp.com', '$2a$04$TX1VEKvv.yTy.YFl2Hc1uOkXbyE.xeYNKAme6wpFqom', 'F', '2023-12-22'),
	(33, 'Saunder M', 'smiddlemistw@earthlink.net', '$2a$04$m/R1i4fx6de7pQm3EYnBZuaIwU2TLlyO3vEfrcHoPqh', 'M', '2008-09-09'),
	(34, 'Noelani S', 'nstocksx@live.com', '$2a$04$0M4pfO5Cp/2Iw.NHNhSx0O.4EkB2yPenMGLir6bLioz', 'M', '2003-10-11'),
	(35, 'Gisela De', 'gdeany@reference.com', '$2a$04$PsF5x96jj5TJZ7kJWED2auHU0CRtNFv9uJlm5Aex.N5', 'M', '1981-08-03'),
	(36, 'Erskine O', 'eoverz@networksolutions.com', '$2a$04$qC05B9KezN8.A3sUW.QdlecWmIUGNYfXu.RUx2Ic2Uk', 'M', '1990-07-17'),
	(37, 'Diandra C', 'dcadogan10@huffingtonpost.com', '$2a$04$h8c5eEPPr/1Rh2qLoviJEOFKKgecfvvIk8XsfeRBjU/', 'M', '1989-11-23'),
	(38, 'Harriott ', 'hlayus11@webs.com', '$2a$04$DogmGuS/FhXoXhfXOVUx2.2m4S59fxjPq/cjcwRpIwA', 'F', '2011-12-05'),
	(39, 'Lenette H', 'lhawney12@4shared.com', '$2a$04$Xr71DusyXqBxdqtUr4JBX.K/RaI2F/EnWEiJ8O46rlI', 'F', '2016-07-29'),
	(40, 'Vivianna ', 'vcannavan13@theguardian.com', '$2a$04$jslHs8n9qg5BHRvk4rz6weYIWAVhKzwDJrkNnW8F7AO', 'M', '2011-11-14'),
	(41, 'Lurline G', 'lgumm14@eepurl.com', '$2a$04$ZxKVWUkR229UNj831d6Ijui.dciLiXRpOUe0aNrQIzi', 'F', '2018-08-21'),
	(42, 'Reiko Bal', 'rballinghall15@sfgate.com', '$2a$04$8nQFEvyQp8j6WQFZyWn3oO2ykkz3/sWDdt.eSnv/AO7', 'M', '2009-04-05'),
	(43, 'Kelley Pe', 'kperrins16@mashable.com', '$2a$04$63sKhKxzE7QTpNe.4jmyUeLq8M1Z..2wE1JVSdnjD6I', 'F', '2001-08-25'),
	(44, 'Chaim Car', 'ccarrabott17@wsj.com', '$2a$04$KqhO1o6bRFO5H9WH9HJnjOW7UbaR3S5IjwPkdIaH/Fi', 'M', '1983-10-13'),
	(45, 'Aurea Kel', 'akelsall18@state.tx.us', '$2a$04$oCz/m.SwhRN6EHVv389PV.bW89ttzh81BYRvBQQXrAG', 'F', '2015-12-30'),
	(46, 'Danika Mu', 'dmuzzullo19@cam.ac.uk', '$2a$04$xBM//.0/jesfDrKEqr0wQOqgJQMh3bnYnFtmuRchFsz', 'F', '1983-07-11'),
	(47, 'Andrej Ha', 'ahappel1a@vimeo.com', '$2a$04$SaeeacNodPbGywYia5NvSun9iOdJcHCUA6Gmjaz3DDd', 'M', '1981-06-10'),
	(48, 'Bale Abra', 'babrami1b@prnewswire.com', '$2a$04$/Z7Kcg3ab3oEnj7B5TUcpejDkznZIT1bK/WRPSV.nd1', 'F', '2006-03-06'),
	(49, 'Yanaton S', 'yspitell1c@infoseek.co.jp', '$2a$04$JfYgie9UOP40r4cKjrnmAefPusuf11HkAuM8h/UzEY0', 'M', '1981-10-22'),
	(50, 'Gaylene P', 'gpauleit1d@amazon.de', '$2a$04$9uzrXDo9WBqowt4gS.pqEe.4zi5NXbtllPffGaFJZcR', 'M', '1997-01-24'),
	(51, 'Morena Ko', 'mkollach1e@tuttocitta.it', '$2a$04$PqYp7b4o8OeuunfV8fHniOVqaLybyccbuMtHwZjNUck', 'F', '1992-09-16'),
	(52, 'Lita Feet', 'lfeetham1f@drupal.org', '$2a$04$HFIRSZtTjm9VF4UAP8JQ.OJIZfSqShxS8BpDKHCMV5S', 'M', '2016-08-03'),
	(53, 'Emmey Cou', 'ecourtney1g@blinklist.com', '$2a$04$IVbr1kV/Fk8vLOKf1ezFkebd5JwfnzIhxPKYj71ouNg', 'F', '1991-09-25'),
	(54, 'Paquito S', 'psellek1h@zdnet.com', '$2a$04$s1w0lMGIC9f/cM2eKZBpWuyI7x1rzECvxM99mEQdZpg', 'F', '2003-07-25'),
	(55, 'Mort Dugm', 'mdugmore1i@infoseek.co.jp', '$2a$04$HFRV6k4T4R8QOSmc/DLBPOU2YmQZ9hqA5ZlBVzjQOvh', 'M', '1989-04-07'),
	(56, 'Celinka P', 'cparysowna1j@chronoengine.com', '$2a$04$v6IZXDk58EsRW.xOh1RTVuUO9kWJI7kdFZ.o/xVuXzj', 'F', '2003-09-27'),
	(57, 'Mischa Pi', 'mpiche1k@redcross.org', '$2a$04$Y1gwhjM.JUEw5vOqICRKDeh3t/TZP8SzoWd6CHV7X8B', 'F', '1993-09-05'),
	(58, 'Dino Jord', 'djordeson1l@jimdo.com', '$2a$04$e0lQKLtt21yYTDmffD.LdOLg4efbEHY3YmD2soSDdAg', 'M', '2019-02-04'),
	(59, 'Drusie La', 'dlanahan1m@istockphoto.com', '$2a$04$215AemsOcicGnFCQzhMvHuq7MvT9YlnBun2aWoIMULy', 'M', '2001-10-04'),
	(60, 'Reynard A', 'rauletta1n@intel.com', '$2a$04$6qRz63e9PUop3EXCorDoFOXhEKuqmp3oF1P0J09bcvw', 'F', '1987-01-29'),
	(61, 'Dorella G', 'dgrut1o@addthis.com', '$2a$04$lfJBmL0kM4ZDkMdIAmY2m.EQp2re0sf6gtC8SdHLBWr', 'M', '2005-03-18'),
	(62, 'Kingston ', 'kmcclinton1p@canalblog.com', '$2a$04$M6tMoT86ZGxZ/Lsn/GLfruY4iHrzOVsUozz3.edn0Tb', 'F', '2024-03-22'),
	(63, 'Johnathan', 'jstiff1q@friendfeed.com', '$2a$04$QhPqRHFV3GJIZlhkr7xxpe9TRWMqY.bcmNAIfMHtrK9', 'F', '1998-07-12'),
	(64, 'Sarena O\'', 'soscanlan1r@hhs.gov', '$2a$04$l7VwbiS7yd6auMl2EgGA6.0CG.MHotKw9oSoIHe2vIa', 'M', '2015-12-25'),
	(65, 'Lev Sayle', 'lsayle1s@indiatimes.com', '$2a$04$boCSksZXtR.goMArvwGjP.Aq0UJJzkNvaz6tO0ES639', 'M', '2003-07-14'),
	(66, 'Tiler Bea', 'tbeany1t@apache.org', '$2a$04$MpwITc5q2QsdYNG9XjFQjebVXfp39FtusN3m0HEhxO.', 'M', '2007-06-14'),
	(67, 'Galvan Sc', 'gscrane1u@google.ca', '$2a$04$5Jdok2Ty8wEHgH8.FbsvZeS3ftQZP18ThghtxqsYq22', 'M', '2023-06-15'),
	(68, 'Ericka Pi', 'epiet1v@netvibes.com', '$2a$04$yQpbzV5V0hNHf8WyDeeStu2hHQDKWVp7jGNHZ6ph6TC', 'F', '1995-03-23'),
	(69, 'Theda Van', 'tvannoort1w@census.gov', '$2a$04$IpGyZSrSGEAyATwW0hz80ee4GRnoZ9Op.c2GBM.mgHq', 'F', '2024-08-28'),
	(70, 'Charis St', 'cstieger1x@vistaprint.com', '$2a$04$ffd60Q3R9FYSaXegVvrDdOQeJWTHCvk13diKtf.XZTY', 'F', '1990-03-03'),
	(71, 'Cyril Bla', 'cblaza1y@shutterfly.com', '$2a$04$NKu5GG6gX9rnXhGQWsS0eOioSctsm3c/eQigKUyubBM', 'M', '2008-11-17'),
	(72, 'Juli Klim', 'jklimshuk1z@cbslocal.com', '$2a$04$mSwRuWaJipW1fwTyKUFIvuQ5D.DFyv4n/AeeozHbBs5', 'F', '2019-04-04'),
	(73, 'Lorain St', 'lstoltz20@walmart.com', '$2a$04$jrNhgV3LYtgzNEtV9eXfqeEBONfAhZBWYllp7C6NRW/', 'F', '1988-04-05'),
	(74, 'Renate Ro', 'rroubottom21@com.com', '$2a$04$tdQbZBqHjsTmML8x4LZq4uOruN63ToUNsYuvPC.MbXh', 'M', '1997-01-01'),
	(75, 'Clerissa ', 'cclougher22@google.de', '$2a$04$AdFV8n.976f6pn0F5lnPu.BWiSS1Uxn4g8T.aarMH5t', 'M', '1986-06-17'),
	(76, 'Redford H', 'rhemmingway23@plala.or.jp', '$2a$04$ZcD2JPO0rmvSYhHcDRczx.AdeoSaTA8KGzEk7igCtRT', 'F', '2018-07-27'),
	(77, 'Nettle Du', 'nduthy24@indiatimes.com', '$2a$04$3rzdq3h6rF26TDUrFPMeWuqViVvI/8Rro.QAW7gC8vx', 'M', '1984-06-02'),
	(78, 'Hogan Moo', 'hmoors25@ow.ly', '$2a$04$ZGU724x6XUAbqIgxX62.0ucuvG80UcOwi2t9yw6QyRo', 'F', '1989-11-06'),
	(79, 'Melvin Du', 'mduddridge26@goodreads.com', '$2a$04$SJtHaNR581AyXhG4sRyQu.f1r7XXPBoXe3E7S0pGN3T', 'F', '2018-03-04'),
	(80, 'Benoit St', 'bstyle27@digg.com', '$2a$04$vongsH/a8ykHf8F9sJ//9O/6EVzYc3jgrqLgluP6GDK', 'F', '2020-09-08'),
	(81, 'Garry Gav', 'ggaven28@google.de', '$2a$04$8Pj66kdu2ov7.ORUI9uGxO4OPA6MOri/eXhLuAfVUjE', 'F', '1998-07-30'),
	(82, 'Wynne Cei', 'wceillier29@nifty.com', '$2a$04$Ad76ZbKAIJ5MsPPJfxkru./M/Q10FST57bIPJKcBBTd', 'F', '1989-10-09'),
	(83, 'Casar Tho', 'cthomassin2a@nifty.com', '$2a$04$7IpWLfRoZANd5WznQ3m0Te.1r1CkFX6PVfEMjbBcd4R', 'F', '2015-12-26'),
	(84, 'Anne-cori', 'ajeynes2b@ebay.com', '$2a$04$2llLlFE3YEKgto6Hrf7eEuSaAzrj5MBKdtbZgXOBV2O', 'F', '2011-09-06'),
	(85, 'Sephira R', 'sreynoollds2c@cornell.edu', '$2a$04$fejLURoza1eutVRYciHZ5.cMGVr6QPQq7N0yj/Sg4.w', 'M', '1992-04-19'),
	(86, 'Raf Frick', 'rfricker2d@vistaprint.com', '$2a$04$ekDyIYKslTmNXFLP5bibhegWL2ZQl.63vfwsDJdjHgt', 'M', '1987-04-19'),
	(87, 'Brandise ', 'bstrangeway2e@blog.com', '$2a$04$9awS3Vna4ImfdKjv7jF9.eZV8Wg186jJTl.07sPWPeS', 'F', '2020-08-01'),
	(88, 'Kellen Du', 'kdu2f@is.gd', '$2a$04$6hD1cAuNtHWINoSccH4/yeQO0mvD.EdhoqcxQHkDbdH', 'F', '2025-03-08'),
	(89, 'Laureen B', 'lbuske2g@ameblo.jp', '$2a$04$/rt5d9kKHmDrQ8WeQvzWX.TwQH1398T566cHbWG1Jun', 'M', '2004-02-01'),
	(90, 'Dal Chudl', 'dchudleigh2h@yellowbook.com', '$2a$04$kPYDtnXY7I0AfEciXhklZOpPxAG5N9citqi.XJSEbDi', 'F', '1992-11-16'),
	(91, 'Clarey Bu', 'cbullon2i@si.edu', '$2a$04$7Mg9Gs0zrwyub9.2M5u03.y0DfyVy/FLwShMu..N7yx', 'M', '1999-09-13'),
	(92, 'Gerhard B', 'gbotfield2j@narod.ru', '$2a$04$pEuf3L2ou7daxf3vZp5uLOpW2nN7Y2ZYxF1c6MuLdTM', 'M', '2009-08-17'),
	(93, 'Jillane A', 'janthoin2k@miitbeian.gov.cn', '$2a$04$6uJ61Uyuo5gFniXgQb1/o.nyNv7jJH0jrBwErD/dW2f', 'M', '2013-07-15'),
	(94, 'Sosanna L', 'slanglois2l@noaa.gov', '$2a$04$c/Zcs6SJRPp0BbWeLKov6e6sR8vCxtUAm9yK9ppGe.f', 'F', '2015-05-09'),
	(95, 'George La', 'glavigne2m@mapy.cz', '$2a$04$7qquy9YJ6ak2IXOp3EOcteKhQO54sE2JBhfb0Hzk.ws', 'M', '2023-09-04'),
	(96, 'Franky Ce', 'fcereceres2n@google.ru', '$2a$04$EXgBNkzrh1RQPgG1shE6Vu1cCwGWIJwFy8GkZ.Uub1a', 'F', '1981-08-19'),
	(97, 'Ursulina ', 'ucastiglio2o@virginia.edu', '$2a$04$/MpzWLCnbuhrsmYsDJ3jAOyXiLIV14z0ic9gR3umrSM', 'F', '2005-10-03'),
	(98, 'Livy Mawm', 'lmawman2p@tripadvisor.com', '$2a$04$bml9FNIMlc7mC/5bWy5oIeZP3HOr2LJ2Fwgrcia4rro', 'M', '1989-08-09'),
	(99, 'Terrence ', 'tjosh2q@mozilla.org', '$2a$04$IEw.FDtAkzs84vO014W63OYCsry7no/ajwcI6PYsyy1', 'M', '2019-05-06'),
	(100, 'Inesita P', 'ipenticoot2r@sourceforge.net', '$2a$04$eW5TehXXtHWgltoG.QEiWurhHh8UQiq5CTPguhsP.7h', 'M', '1990-03-26'),
	(101, 'ANA PAULA', 'ana@gmail.com', '123456', 'F', '2000-02-10'),
	(102, 'ANA PAULA', 'ana@gmail.com', '123456', 'F', '2000-02-10');

-- Copiando estrutura para tabela financias.receita
CREATE TABLE IF NOT EXISTS `receita` (
  `id_rec` int(11) NOT NULL AUTO_INCREMENT,
  `titulo_rec` varchar(50) DEFAULT NULL,
  `valor_rec` float DEFAULT NULL,
  `dt_recebido` date DEFAULT NULL,
  `id_pessoa` int(11) DEFAULT NULL,
  `id_cat` int(11) DEFAULT NULL,
  PRIMARY KEY (`id_rec`)
) ENGINE=InnoDB DEFAULT CHARSET=utf8mb4;

-- Copiando dados para a tabela financias.receita: ~0 rows (aproximadamente)
DELETE FROM `receita`;

-- Copiando estrutura para tabela financias.rendimento
CREATE TABLE IF NOT EXISTS `rendimento` (
  `id_rend` int(11) NOT NULL AUTO_INCREMENT,
  `valor` float DEFAULT NULL,
  `dt` date DEFAULT NULL,
  `status` char(1) DEFAULT NULL,
  PRIMARY KEY (`id_rend`)
) ENGINE=InnoDB DEFAULT CHARSET=utf8mb4;

-- Copiando dados para a tabela financias.rendimento: ~0 rows (aproximadamente)
DELETE FROM `rendimento`;

-- Copiando estrutura para tabela financias.sim_emp
CREATE TABLE IF NOT EXISTS `sim_emp` (
  `id_se` int(11) NOT NULL AUTO_INCREMENT,
  `nome` varchar(50) DEFAULT NULL,
  `valor_emp` float DEFAULT NULL,
  `juros` float DEFAULT NULL,
  `nr_parcelas` int(11) DEFAULT NULL,
  `val_parcelas` float DEFAULT NULL,
  `dat_se` date DEFAULT NULL,
  `id_pessoa` int(11) DEFAULT NULL,
  `id_cat` int(11) DEFAULT NULL,
  PRIMARY KEY (`id_se`),
  KEY `id_pessoa` (`id_pessoa`),
  KEY `id_cat` (`id_cat`),
  CONSTRAINT `sim_emp_ibfk_1` FOREIGN KEY (`id_pessoa`) REFERENCES `pessoa` (`id_pessoa`),
  CONSTRAINT `sim_emp_ibfk_2` FOREIGN KEY (`id_cat`) REFERENCES `categoria` (`id_cat`)
) ENGINE=InnoDB DEFAULT CHARSET=utf8mb4;

-- Copiando dados para a tabela financias.sim_emp: ~0 rows (aproximadamente)
DELETE FROM `sim_emp`;

/*!40103 SET TIME_ZONE=IFNULL(@OLD_TIME_ZONE, 'system') */;
/*!40101 SET SQL_MODE=IFNULL(@OLD_SQL_MODE, '') */;
/*!40014 SET FOREIGN_KEY_CHECKS=IFNULL(@OLD_FOREIGN_KEY_CHECKS, 1) */;
/*!40101 SET CHARACTER_SET_CLIENT=@OLD_CHARACTER_SET_CLIENT */;
/*!40111 SET SQL_NOTES=IFNULL(@OLD_SQL_NOTES, 1) */;
